code,label,description,parent_code,examples
09123000,Natural gas,Hanke esemeks on maagaasi ostmine hankija tarbimiskohtade varustamiseks.,,Hanke esemeks on maagaasi ostmine hankija tarbimiskohtade varustamiseks. || Maagaas fikseeritud hinnaga || Estonia – Natural gas – Maagaasi ostmine
09134200,Diesel fuel,Mootorikütus Lääne-Viru Jäätmekeskus MTÜ-le,,"Mootorikütus Lääne-Viru Jäätmekeskus MTÜ-le || Kutsume Teid esitama pakkumust riigihanke alusdokumentides toodud tingimustel Lääne-Viru Jäätmekeskusele mootorikütuste, tanklakaupade ja tanklateenuste müümiseks. Täpsem hankeobjekti kirjeldus on toodud hankedokumendi lisas nr 1. || Estonia – Diesel fuel – Mootorikütus Lääne-Viru Jäätmekeskus MTÜ-le"
09211000,Lubricating oils and lubricating agents,Õlide ja määrdeainete ostmine,,Õlide ja määrdeainete ostmine || Ostetakse Enefit Power AS erinevate üksuste tarbeks õlisid ja määrdeaineid. || Ostetakse erinevaid hüdroõlisid . || Estonia – Lubricating oils and lubricating agents – Õlide ja määrdeainete ostmine
09310000,Electricity,Elektrienergia hankimine,,"Elektrienergia hankimine || Riigihanke esemeks on elektrienergia hankimine Aktsiaseltsi Tallinna Linnatransport erinevatesse tarbimiskohtadesse. Eeldatav vajaminev elektrienergia kogus on ligikaudu 25 000 MWh aastas. Hankija ostab kogu (100% - sada protsenti) vajamineva elektrienergia taastuvenergiana. Kogu vajaminev elektrienergia ostetakse hankelepingu perioodil Nord Pool kodulehel avaldatud Eesti piirkonna tunnipõhise hinnaga, millele lisandub ostetava elektrienergia Müüja marginaal. Marginaal peab sisaldama ostetava elektrienergia teenustasu (eurot/MWh) ja päritolutunnistuse tühistamise teenustasu (eurot/ MWh). Hankelepingu pikkus on 1 aasta. || Estonia – Electricity – Elektrienergia hankimine || Elektrienergia ostmine || Hanke tulemusel on planeeritud sõlmida AS Tartu Veevärk poolt raamleping(ud) ning hankelepingud vastavalt läbi viidavate minikonkursite tulemustele. || Estonia – Electricity – Elektrienergia ostmine || Riigihanke tulemusena sõlmitakse kuni viie pakkujaga 48 kuuks raamlepingud elektrienergia ostmiseks ja müümiseks maksimaalse kogumaksumusega kuni 12 000 000 eurot käibemaksuta."
09331000,Solar panels,PV-elektrijaama rajamine KBFI Akadeemia tee 23 hoone katusele,,"PV-elektrijaama rajamine KBFI Akadeemia tee 23 hoone katusele || Hanke eesmärgiks on tellida 500kW nimivõimsusega päikeseelektrijaam, mis paigaldatakse Tallinnas Akadeema tee 23 hoone lamekatusele. Hange hõlmab nõuetele vastava täislahenduse koostamist, seadmete tarnimist, paigaldustöid ja vajalikke kooskõlastusi. || Estonia – Solar panels – PV-elektrijaama rajamine KBFI Akadeemia tee 23 hoone katusele"
15612500,Bakery products,Estonia – Bakery products – Pagaritoodete hange,,Estonia – Bakery products – Pagaritoodete hange
15800000,Miscellaneous food products,Toidu- ja esmatarbekaupade ostmine Siseministeeriumi valitsemisalale,,"Toidu- ja esmatarbekaupade ostmine Siseministeeriumi valitsemisalale || Jae- ja hulgimüügi korras kaupade ostmine || Estonia – Miscellaneous food products – Toidu- ja esmatarbekaupade ostmine Siseministeeriumi valitsemisalale || Erinevate toiduainete ostmine Tallinna Teeninduskoolile õppetöö korraldamiseks. Pakkuja esitab pakutavate toodete hinnakirja (vt. vastavustingimused). Leping sõlmitakse kõigi pakkujatega, keda ei kõrvaldata, kes kvalifitseeritakse ja kes on esitanud pakutavate toodete hinnakirja. Täpsemad selgitused on esitatud (vt. alusdokumendid/Selgitused) || Mitmesugused toiduained kooli õppetöö korraldamiseks || Estonia – Miscellaneous food products – Toiduainete ostmine"
15880000,Special nutritional products,Eritoitude ja enteraalse toitmise tarvikute ostmine,,"Eritoitude ja enteraalse toitmise tarvikute ostmine || Käesoleva hanke eesmärk on sõlmida raamlepingud sihtasutuse Tartu Ülikooli Kliinikum kodusele toitmisravi teenusele vormistatud patsientidele sobivate enteraalse toitmise seadmete, tarvikute ja eritoitude ostmiseks ning kauba patsientidele koju tarnimiseks ja sihtasutuse Tartu Ülikooli Kliinikum statsionaarsele toitmisravi teenusele vormistatud patsientidele sobivate enteraalse toitmise seadmete, tarvikute ja eritoitude ostmiseks. || Estonia – Special nutritional products – Eritoitude ja enteraalse toitmise tarvikute ostmine"
16700000,Tractors,Hanke eesmärk on osta Kaitseväele 46 komplekti ATV-sid erinevate teenistusülesannete täitmiseks. Hanke eeldatav maksumus on 1 000 000 eurot. Hanke eeldatav maksumus ei kohusta hankijat selles mahus hankeesemeid ostma. Lõplikud kogused ja summad selguvad sõlmitava hankelepingu alusel.,,"Hanke eesmärk on osta Kaitseväele 46 komplekti ATV-sid erinevate teenistusülesannete täitmiseks. Hanke eeldatav maksumus on 1 000 000 eurot. Hanke eeldatav maksumus ei kohusta hankijat selles mahus hankeesemeid ostma. Lõplikud kogused ja summad selguvad sõlmitava hankelepingu alusel. || Hanke osa eesmärk on osta Kaitseväele 46 komplekti ATV-sid erinevate teenistusülesannete täitmiseks. || Estonia – Tractors – ATV-de ostmine || Rajatraktori ostmine || Hanke eesmärgiks on uue, lisavarustusega rajatraktori ostmine murdmaasuusaradade ettevalmistamiseks. Rajatraktor peab sobima kunstlume ning loodusliku lume töötlemiseks FIS-i ning IBU normidele vastavate murdmaasuusaradade ettevalmistamiseks. || Estonia – Tractors – Rajatraktori ostmine"
18000000,"Clothing, footwear, luggage articles and accessories",Framework Contract for the Supply and Delivery of Uniform for Identity Malta Agency's Staff using Environmentally Friendly Materials (SPD2/2023/027),,"Framework Contract for the Supply and Delivery of Uniform for Identity Malta Agency's Staff using Environmentally Friendly Materials (SPD2/2023/027) || The subject of this tender (framework contract) is the supply and delivery of uniform using environmentally friendly material for Identity Malta Agency’s staff. || ['The subject of this tender (framework contract) is the supply and delivery of uniform using environmentally friendly material for Identity Malta Agency’s staff.'] || Malta – Clothing, footwear, luggage articles and accessories – Framework Contract for the Supply and Delivery of Uniform for Identity Malta Agency's Staff using Environmentally Friendly Materials (SPD2/2023/027)"
18143000,Protective gear,Ballistilise kaitsega taktikalise kandesüsteemi tekstiilosade ostmine (kordus),,Ballistilise kaitsega taktikalise kandesüsteemi tekstiilosade ostmine (kordus) || Estonia – Protective gear – Ballistilise kaitsega taktikalise kandesüsteemi tekstiilosade ostmine (kordus)
18222000,Corporate clothing,EMERA MSOS tudengitele vormirõivaste valmistamine ja tarnimine,,EMERA MSOS tudengitele vormirõivaste valmistamine ja tarnimine || Meresõiduohutuse seadusega reguleeritud õppekavadel õppivate üliõpilaste ja Eesti Mereakadeemia (EMERA) töötajate vormiriietuse valmistamine ja tarnimine || Estonia – Corporate clothing – EMERA MSOS tudengitele vormirõivaste valmistamine ja tarnimine
18300000,Garments,"Sooja aluspesu komplektide soetamine - sooja aluspesu särke 8470 tk ja sooja aluspesu pükse 9390 pr koos tarnimisega aadressile Aasa tee 4, Loo alevik, Jõelähtme vald, Harju maakond, 74201(võib muutuda).",,"Sooja aluspesu komplektide soetamine - sooja aluspesu särke 8470 tk ja sooja aluspesu pükse 9390 pr koos tarnimisega aadressile Aasa tee 4, Loo alevik, Jõelähtme vald, Harju maakond, 74201(võib muutuda). || Estonia – Garments – Soe aluspesu || Sooja aluspesu komplektide (särk ja püksid) soetamine. Hankija soovib hankida sooja aluspesu komplekte. Lõplik hangitavate sooja aluspesu komplektide arv sõltub pakkumuses toodud tükihinnast ning tellimuse maksumus ei ületa dünaamilise hankesüsteemi osa 2 eeldatavat maksumust. || Sooja aluspesu püksid M14, Sooja aluspesu püksid M14 MeV, Sooja aluspesu särk M14, Sooja aluspesu särk M14 MeV, Võrkpesu."
18444111,Crash helmets,Tuletõrjekiivrite ja kiivrilampide ostmine,,"Tuletõrjekiivrite ja kiivrilampide ostmine || Päästeamet ostab tuletõrjekiivreid koos integreeritud kiivrilampidega, mis on mõeldud kasutamiseks tulekustutus- ja päästetöödel. || Estonia – Crash helmets – Tuletõrjekiivrite ja kiivrilampide ostmine"
18512100,Coins,2euroste pühendusmüntide hange (Rukkilill),,2euroste pühendusmüntide hange (Rukkilill) || Antud riigihanke raames on plaanis leida vermija (rahapaja) 2euroste pühendusmüntide vermimiseks. || Estonia – Coins – 2euroste pühendusmüntide hange (Rukkilill)
18931100,Rucksacks,Varustuskottide ostmine,,Varustuskottide ostmine || Estonia – Rucksacks – Varustuskottide ostmine
22100000,"Printed books, brochures and leaflets","Eestikeelsete teavikute ostmine, 27.04.2023",,"Eestikeelsete teavikute ostmine, 27.04.2023 || Eestikeelsete teavikute ostmine, 27.04.2023 Kaitseväele || Teavikute ostmine vastavalt seotud hanke tingimustele || Estonia – Printed books, brochures and leaflets – Eestikeelsete teavikute ostmine, 27.04.2023 || Eestikeelsete teavikute ostmine, 25.04.2023 || Eestikeelsete teavikute ostmine Kaitseväele, 25.04.2023 || Estonia – Printed books, brochures and leaflets – Eestikeelsete teavikute ostmine, 25.04.2023"
22900000,Miscellaneous printed matter,Transpordiameti trükised 2023-2026,,Transpordiameti trükised 2023-2026 || Estonia – Miscellaneous printed matter – Transpordiameti trükised 2023-2026
24111500,Medical gases,Meditsiiniliste gaaside ostmine,,"Meditsiiniliste gaaside ostmine || Hankija soovib sõlmida lepingud 2-, 3- ja 10- liitriste portatiivsete hapnike ostmiseks koos balloonide rentimisega - kogused on ära toodud maksumustabelis 10 liitrised balloonid on kasutusel kiirabiautodes fikseerituna ning 2 ja 3 -liitrised balloonid on kaasaskantavad spetsiaalse kandekotiga. Hankija sõlmib riskide maandamiseks hankelepingu 48 kuuks kõigi pakkumuse esitanud ning edukaks tunnistatud pakkujatega. Hankeleping sõlmitakse seni väljakujunenud maksetingimusi, balloonide vahetuspraktikat jm asjaolusid arvestades. || Estonia – Medical gases – Meditsiiniliste gaaside ostmine"
24111900,Oxygen,Meditsiinilise hapniku ostmine ja hapnikuballoonide üürimine koos hapnikuballoonide patsientidele transportimisega,,Meditsiinilise hapniku ostmine ja hapnikuballoonide üürimine koos hapnikuballoonide patsientidele transportimisega || Estonia – Oxygen – Meditsiinilise hapniku ostmine ja hapnikuballoonide üürimine koos hapnikuballoonide patsientidele transportimisega
24311520,Sodium hydroxide,Tehnilise vedela 100%-lise naatriumhüdroksiidi ostmine,,Tehnilise vedela 100%-lise naatriumhüdroksiidi ostmine || Tehnilise vedela 100%-lise naatriumhüdroksiidi ostmine. Tarnemaht on 108 tonni. || Estonia – Sodium hydroxide – Tehnilise vedela 100%-lise naatriumhüdroksiidi ostmine || Tehnilise vedela 100%-lise naatriumhüdroksiidi ostmine. Tarnemaht on 256 tonni.
24320000,Basic organic chemicals,Karbamiidilahuse (40%) ostmine,,Karbamiidilahuse (40%) ostmine || Karbamiidilahus (40%) || Estonia – Basic organic chemicals – Karbamiidilahuse (40%) ostmine || Hankija ostab 40% karbamiidilahust
24455000,Disinfectants,Desinfektsioonvahendid hemodialüüsiaparaatide Fresenius desinfitseerimiseks,,Desinfektsioonvahendid hemodialüüsiaparaatide Fresenius desinfitseerimiseks || Desinfektsioonvahendid hemodialüüsiaparaatide Fresenius desinfitseerimiseks ostmine vastavalt reaalsele vajadusele kuni 10.05.2026 || Estonia – Disinfectants – Desinfektsioonvahendid hemodialüüsiaparaatide Fresenius desinfitseerimiseks
24600000,Explosives,"Erinevad lõhkeained ja -materjalid, laengud, miinid ja nende osad",,"Erinevad lõhkeained ja -materjalid, laengud, miinid ja nende osad || Erinevad lõhkeained ja lõhkematerjalid (Nt süütenöör, süütekapslid, lõhketeip, lõhkeaine tuvastuskomplektid, lõhkamismasinad, det.nöör). Erinevad laengud, miinid ja nende osad. Materjalivaldkonna elutsükli tagamine, uuendamine ja juba olemasolevate toodete modifitseerimine. || Erinevad lõhkeained ja -materjalid || Estonia, Lithuania – Explosives – Erinevad lõhkeained ja -materjalid, laengud, miinid ja nende osad"
24962000,Water-treatment chemicals,Polüalumiiniumkloriidi ostmine,,Polüalumiiniumkloriidi ostmine || Veepuhastuses kasutatava polüalumiiniumkloriidi ostmine || Estonia – Water-treatment chemicals – Polüalumiiniumkloriidi ostmine
30190000,Various office equipment and supplies,"Hanke eesmärk on hankida riigihanke alusdokumentides(RHAD) seatud tingimustele vastavad bürootarbed, trükised ja kontoritehnika kulumaterjalid, igal osale sõlmitakse eraldi raamleping 3 aastaks.",,"Hanke eesmärk on hankida riigihanke alusdokumentides(RHAD) seatud tingimustele vastavad bürootarbed, trükised ja kontoritehnika kulumaterjalid, igal osale sõlmitakse eraldi raamleping 3 aastaks. || Estonia – Various office equipment and supplies – Bürootarbed"
30213100,Portable computers,RUGGED seadmed ja lisakomponendid,,"RUGGED seadmed ja lisakomponendid || Riigihanke eesmärgiks on full-, semi- ja tööstuslike rugged seadmete ja nende lisatarvikute ostmine. Rugged seadmed on seadmed, mida saab kasutada ka kõige ekstreemsemates tingimustes || Full-Rugged seadmed koos vajaminevate komponentide ja elutsüklihaldusega || Estonia – Portable computers – RUGGED seadmed ja lisakomponendid || Arvutite, monitoride ja lisaseadmete ostmine || Elering AS arvutite, monitoride ja lisaseadmete ostmine || Estonia – Portable computers – Arvutite, monitoride ja lisaseadmete ostmine"
30231300,Display screens,Kuvarite rentimine Tallinna linna koolidele,,"Kuvarite rentimine Tallinna linna koolidele || Tallinna Strateegiakeskus viib läbi riigihanke, millega soovitakse rentida kasutatud kuvareid 48 kuuks Tallinna linna koolidele. || Estonia – Display screens – Kuvarite rentimine Tallinna linna koolidele"
30238000,Library automation equipment,Kultuuriväärtuslike esemete digimiseks digimisseadme komplekti ostmine (SA Eesti Vabaõhumuuseum),,"Kultuuriväärtuslike esemete digimiseks digimisseadme komplekti ostmine (SA Eesti Vabaõhumuuseum) || Hankija soovib osta optimaalse töövooga ja ökonoomset digiteerimissüsteemi uut komplekti, sama- ja erimõõduliste tasapinnaliste ja ruumiliste (kolmemõõtmeliste) kultuuriväärtuslike objektide digiteerimiseks. Komplekti kuuluvad: digiteerimisseade, võimekusega digiteerida A0 formaadis, tasapinnalisi objekte resolutsiooniga 300 dpi-d; tarkvara toel automaatselt kõrgustmuutva statiiviga reprolaud; valguslaud erinevat tüüpi kultuuriväärtuslike negatiivide digiteerimiseks, koos selleks sobilike erimõõduliste negatiivide hoidjatega sh. klaasnegatiivi hoidjad; kultuuriväärtuslike objektide digiteerimiseks sobilikud valgustid; graafikaarvuti - varustatud spetsiaalse tarkvaraga, mis on mõeldud juhtima kultuuriväärtuslike objektide digiteermisseadet; graafikamonitor (kalibreeritav). Pakkumus peab sisaldama paigaldust, installatsiooni, koolitust ja garantiiperioodil igaaastast korralist hooldust, remonti ja tarkvara uuendusi. || Estonia – Library automation equipment – Kultuuriväärtuslike esemete digimiseks digimisseadme komplekti ostmine (SA Eesti Vabaõhumuuseum)"
31110000,Electric motors,Auvere elektrijaama suitsuimeja elektrimootori ostmine,,"Auvere elektrijaama suitsuimeja elektrimootori ostmine || Ostetakse uut elektrimootori, tüübiga HYOSUNG HSTC 1000G (või selle analoogi vastavalt tehnilistele tigimustele), mis vastab Auvere EJ paigaldatud suitsugaaside eemaldamise ventilaatori kõigile projekteeritud tehnilistele ja paigaldamise parameetritele, tarnimine Tellija lattu. || Estonia – Electric motors – Auvere elektrijaama suitsuimeja elektrimootori ostmine"
31120000,Generators,Diiselgeneraatorite ostmine vastavalt hanketeates ja hanke alusdokumentides kirjeldatule.,,"Diiselgeneraatorite ostmine vastavalt hanketeates ja hanke alusdokumentides kirjeldatule. || Estonia – Generators – Diiselgeneraatorid || Elektrigeneraatori ja kütusemahuti ostmine koos paigaldusega Riia 167, Tartu || Riigihanke eesmärk on sõlmida hankeleping Riia 167, Tartu hoone B- ja C-korpuse: 1. kütusemahuti ostmiseks koos maa-aluse paigaldamisega; 2. elektrigeneraatori ostmiseks koos paigaldusega. || Estonia – Generators – Elektrigeneraatori ja kütusemahuti ostmine koos paigaldusega Riia 167, Tartu || Elektrigeneraatorite ja kütusemahutite ostmine koos paigaldusega L. Puusepa 8, Tartu || Riigihanke eesmärk on sõlmida hankeleping L. Puusepa 8 hoone: 1. G- ja H-korpuse elektri varugeneraatori kütusemahuti suurendamiseks kütusemahuti ostmiseks koos selle maa-aluse paigaldusega; 2. kütusemahuti ostmiseks koos maa-aluse paigaldamisega (A-, B-, D-, E- ja F-korpuse tarbeks); 3. elektrigeneraatori ostmiseks koos paigaldusega (F-korpuse tarbeks); 4. elektrigeneraatori ostmiseks koos paigaldusega (A-, B-, D- ja E-korpuse tarbeks). || Estonia – Generators – Elektrigeneraatorite ja kütusemahutite ostmine koos paigaldusega L. Puusepa 8, Tartu"
31170000,Transformers,"Tapa, Jõgeva ja Tartu alajaamasesse jõutrafode ostmine ja paigaldamine (LR8269, LR8529, LR8530, LR8578)",,"Tapa, Jõgeva ja Tartu alajaamasesse jõutrafode ostmine ja paigaldamine (LR8269, LR8529, LR8530, LR8578) || Kolme piirkonnaalajaama jaoks kaheksa jõutrafo ostmine ja paigaldamine. || Estonia – Transformers – Tapa, Jõgeva ja Tartu alajaamasesse jõutrafode ostmine ja paigaldamine (LR8269, LR8529, LR8530, LR8578)"
31200000,Electricity distribution and control apparatus,Elektikaupade ostmine,,Elektikaupade ostmine || Elektrikaupade (tugevvoolu ja nõrkvoolu kaupade) ostmine 48 kuu vältel vastavalt reaalsele vajadusele. Mõlema hankeosa maksimaalne maksumus (summa milleni on võimalik osta) on 240 000 €+km. || Estonia – Electricity distribution and control apparatus – Elektikaupade ostmine
31213200,Distribution transformers,"50 kVA 21 (15,75)/0,41 kV jaotustrafo ostmine (IP4786)",,"50 kVA 21 (15,75)/0,41 kV jaotustrafo ostmine (IP4786) || Hange on välja kuulutatud 50 kVA 21 (15,75)/0,41 kV jaotustrafo ostmiseks (IP4768). Ostetakse avariireservi Eesti laos olemasolevad trafod. || Käesolev dünaamilise hankesüsteemi osa on loodud hermeetiliste masti- ja alajaama trafode ning kuivtrafode ostmiseks. || Estonia – Distribution transformers – 50 kVA 21 (15,75)/0,41 kV jaotustrafo ostmine (IP4786) || 100 kVA 21(10,5)/0,41 kV jaotustrafode ostmine (IP4768) || Hange on välja kuulutatud kahe 100 kVA 21(10,5)/0,41 kV jaotustrafo ostmiseks (IP4768). Ostetakse avariireservi Eesti laos olemasolevad trafod. || Estonia – Distribution transformers – 100 kVA 21(10,5)/0,41 kV jaotustrafode ostmine (IP4768) || 50 kVA 21(15,75)/0,41 kV jaotustrafo ostmine (IP4768)"
31321220,Medium-voltage cable,Keskpinge maakaabli ristlõikega 300 mm² ostmine (LR6192),,Keskpinge maakaabli ristlõikega 300 mm² ostmine (LR6192) || Hange on välja kuulutatud keskpinge maakaabli ristlõikega 300 mm² ostmiseks. Pakkuda ainult hankija poolt heakskiidetud keskpinge maakaablit. Kaabel peab vastama hankija dokumendis P368 toodud nõuetele. || Estonia – Medium-voltage cable – Keskpinge maakaabli ristlõikega 300 mm² ostmine (LR6192)
31400000,"Accumulators, primary cells and primary batteries",Telekommunikatsiooniseadmete akud,,"Telekommunikatsiooniseadmete akud || Estonia – Accumulators, primary cells and primary batteries – Telekommunikatsiooniseadmete akud"
31422000,Battery packs,"UPS-ide, kondensaatorite ning akude uuendamine",,"UPS-ide, kondensaatorite ning akude uuendamine || Hanke esemeks on hanketingimustele vastavad elektriseadmed ning nende garantii- ja hooldusteenus. || Estonia – Battery packs – UPS-ide, kondensaatorite ning akude uuendamine"
31430000,Electric accumulators,25 MW aku energiasalvestussüsteemi ost,,25 MW aku energiasalvestussüsteemi ost || Hanke mahtu kuulub 25 MW aku energiasalvestussüsteemi ostmine. || Estonia – Electric accumulators – 25 MW aku energiasalvestussüsteemi ost
31500000,Lighting equipment and electric lamps,Tallinna Linnateatri valgustehnika ostmine,,"Tallinna Linnateatri valgustehnika ostmine || Tallinna Linnateater kutsub Teid esitama pakkumust avatud hankemenetlusega riigihankele, mille eesmärgiks on leida lepingupartner, kes müüb, tarnib ja seadistab hankijale riigihanke alusdokumentides kirjeldatud valgustehnika seadmed ning paigaldab need hankija ruumidesse. || Estonia – Lighting equipment and electric lamps – Tallinna Linnateatri valgustehnika ostmine || Valgustite vahetamine LED-valgustite vastu || Käesoleva hanke eesmärk on sõlmida hankeleping sihtasutuse Tartu Ülikooli Kliinikum hoonetes aadressidel L. Puusepa 8 (G1, G2, H ja A korpuste), Raja 31 ja Riia 167 siseruumides asuvate luminofoorvalgustite osaliseks asendamiseks uute leedvalgustite vastu (valgustite 1:1 vahetamise teel). || L. Puusepa 8 hoone G1-, G2-, H- ja A-korpuse valgustite vahetus || Estonia – Lighting equipment and electric lamps – Valgustite vahetamine LED-valgustite vastu"
31640000,Machines and apparatus with individual functions,Mobiilse läbivalgustusseadme ostmine Maksu- ja Tolliametile,,Mobiilse läbivalgustusseadme ostmine Maksu- ja Tolliametile || Hankelepingu esemeks on lineaarkiirendil põhineva mobiilse veoauto šassiil läbivalgustusseadme ostmine Maksu- ja Tolliametile tolliläbivaatuste tegemiseks. || Estonia – Machines and apparatus with individual functions – Mobiilse läbivalgustusseadme ostmine Maksu- ja Tolliametile
31682210,Instrumentation and control equipment,Supply of an EMC driving robot for VeLA Lab,,Supply of an EMC driving robot for VeLA Lab || Italy – Instrumentation and control equipment – Supply of an EMC driving robot for VeLA Lab
31682540,Substation equipment,"Viljandi 110/35/15/6 ja Jõgeva 110/35/15/10 kV alajaama jaotusseadmete ostmine (IK1242, IP4156, IL6126, LP8941)",,"Viljandi 110/35/15/6 ja Jõgeva 110/35/15/10 kV alajaama jaotusseadmete ostmine (IK1242, IP4156, IL6126, LP8941) || Estonia – Substation equipment – Viljandi 110/35/15/6 ja Jõgeva 110/35/15/10 kV alajaama jaotusseadmete ostmine (IK1242, IP4156, IL6126, LP8941) || Jüri 110/10KV alajaama RTU ja kaarekaitse seadmete ostmine (IK1475) || Estonia – Substation equipment – Jüri 110/10KV alajaama RTU ja kaarekaitse seadmete ostmine (IK1475) || Viljandi 110/35/20/15/6kV AJ RTU ost (LP8941) || Hange on välja kuulutatud RTU kapi koos switchidega ostmiseks. || Estonia – Substation equipment – Viljandi 110/35/20/15/6kV AJ RTU ost (LP8941) || Komplektalajaama AJ14286 ostmine (LR8278)"
32232000,Video-conferencing equipment,Videokonverentsi sideseadmete ja nende tarkvara ostmine koos tehnilise toega (CISCO ja POLY),,Videokonverentsi sideseadmete ja nende tarkvara ostmine koos tehnilise toega (CISCO ja POLY) || CISCO VTC seadmed koos vajaminevate komponentide ja elutsüklihaldusega || Estonia – Video-conferencing equipment – Videokonverentsi sideseadmete ja nende tarkvara ostmine koos tehnilise toega (CISCO ja POLY)
32240000,Television cameras,Stuudio kaamerasüsteemide ostmine,,Stuudio kaamerasüsteemide ostmine || Riigihanke objektiks on Eesti Rahvusringhäälingule stuudio kaamerasüsteemide ostmine. || Estonia – Television cameras – Stuudio kaamerasüsteemide ostmine
32323500,Video-surveillance system,Rajakaamerate soetamine (Keskkonnaagentuur),,Rajakaamerate soetamine (Keskkonnaagentuur) || Keskkonnaagentuur soovib hankida 700 rajakaamerat REM metoodikal põhinevate ulukite kaameraseirete teostamiseks. || Estonia – Video-surveillance system – Rajakaamerate soetamine (Keskkonnaagentuur)
32570000,Communications equipment,Siseside seadmete ja tarvikute soetamine,,Siseside seadmete ja tarvikute soetamine || Estonia – Communications equipment – Kaablid ja tarvikud
33100000,Medical equipments,Röntgenläbivalgustuse seade,,"Röntgenläbivalgustuse seade || Röntgenläbivalgustuse seadme tarne, paigaldus, seadistus ja täishooldus viie (5) aasta jooksul. || Estonia – Medical equipments – Röntgenläbivalgustuse seade || Hanke eesmärk on soetada koeprotsessoreid (esmatarne 1 tk, kuid nõuete täitmiseks on lubatud pakkuda ka 2 tk; täiendav tarne vastavalt 1 või 2 tk) koos seadmete tööks vajaliku kauba tarnega ning seadmete töövõime tagamiseks vajalike teenuste osutamisega seadmete kasuliku eluea jooksul (7 aastat) || Estonia – Medical equipments – Koeprotsessor || Laboriseadmete ost Terviseameti nakkushaiguste laborisse || Terviseameti nakkushaiguste laborisse soetatakse pipeteerimisrobot, 2 reaalaja PCR-seadet, eraldusseade, filtreerimissüsteem ning tandem PCR-seade. || Terviseameti nakkushaiguste laborisse hangitakse täisautomaatne seade (pipeteerimisrobot) kiireks ja täpseks sekveneerimise jaoks ettevalmistavate raamatukogude valmistamiseks. Seade võimaldab kiirelt, standardiseeritult pipeteerida erinevaid lahuseid paralleelselt kokku ja seeläbi oluliselt tõsta laboritöö kiirust, analüüsimahtu, kvaliteeti ning minimeerida inimlikku eksimist."
33111710,Angiography supplies,Koronaar- ja perifeersed stendid ning balloonid,,Koronaar- ja perifeersed stendid ning balloonid || Koronaar- ja perifeersete stentide ning balloonide ostmine vastavalt RHAD lisas I Tehniline kirjeldus kirjeldatule. || Angiograafiatarvikute ostmine vastavalt RHAD lisas I Tehniline kirjeldus kirjeldatule. || Estonia – Angiography supplies – Koronaar- ja perifeersed stendid ning balloonid || Südame vasaku koja kõrvakese kateetrikaudse sulgemise komplekt || Angiograafia tarvikute ostmine vastavalt RHAD lisas Ia Tehniline spetsifikatsioon kirjeldatule || Estonia – Angiography supplies – Südame vasaku koja kõrvakese kateetrikaudse sulgemise komplekt || Angiograafia tarvikud
33112200,Ultrasonic unit,Ultraheliaparaatide ostmine Naistekliinikusse,,"Ultraheliaparaatide ostmine Naistekliinikusse || Ultraheliaparaat on mõeldud raskuspunktiga günekoloogilisteks, sünnitusabi ja loote koos loote ehhokardiograafiaga ning neonataalseteks uuringuteks. || Estonia – Ultrasonic unit – Ultraheliaparaatide ostmine Naistekliinikusse"
33113000,Magnetic resonance imaging equipment,Magnetresonantstomograafi ostmine,,Magnetresonantstomograafi ostmine || Hangitakse Viljandi Haigla magnetresonantstomograaf. || Estonia – Magnetic resonance imaging equipment – Magnetresonantstomograafi ostmine
33124000,Diagnostics and radiodiagnostic devices and supplies,Virtuaalnavigatsioonibronhoskoopia süsteem,,"Virtuaalnavigatsioonibronhoskoopia süsteem || Riigihanke eesmärk on sõlmida hankeleping: - virtuaalnavigatsioonibronhoskoopia süsteemi koos garantii ja garantiiaegse hooldusega, vajaliku tarkvara ja lisaseadmetega, tarnimise, paigalduse ja koolitusega (edaspidi nimetatud Kaup või seade) ostmine; - Kauba garantiijärgse viie (5) aasta pikkuse hooldusteenuse (edaspidi nimetatud hooldusteenus) ostmine; - Kauba kasutamiseks vajalike tarvikute (edaspidi tarvikud) maksimaalses koguses 600 komplekti ostmine. Hankijal puudub kohustus tarvikuid nimetatud maksimaalses mahus osta; - Kauba erakorraliste remonttööde tegemine kuue (6) aasta jooksul Kauba üleandmisest arvates. || Estonia – Diagnostics and radiodiagnostic devices and supplies – Virtuaalnavigatsioonibronhoskoopia süsteem"
33140000,Medical consumables,Meditsiinilised kindad,,"Meditsiinilised kindad || Estonia – Medical consumables – Meditsiinilised kindad || IVF lahuste, söötmete ja tarvikute ostmine || Estonia – Medical consumables – IVF lahuste, söötmete ja tarvikute ostmine || Kipssidemete ostmine || Materjal- puuvill, kips; kergesti paigaldatav; ei pragune; piisava kipsisegu sisaldusega; vastupidav; RÖ-kiiri läbilaskev; modelleerimise aeg 2,5- 3 min; esmane koormustaluvus max 30 min; halva soojusjuhtivusega, mitte tolmav. Kõik pakutud kipssidemed peavad olema toodetud ühe tootja poolt. Vaata RHAD lisa 2 osa 1 || Estonia – Medical consumables – Kipssidemete ostmine"
33141000,Disposable non-chemical medical consumables and haematological consumables,Operatsioonitoa tarvikute ostmine kordushange,,"Operatsioonitoa tarvikute ostmine kordushange || Operatsioonitoa tarvikute ostmine vastavalt vajadusele kuni 31.03.2025 || Hoidelingud arterite, veenide, närvide, kusejuhade eraldamiseks. || Estonia – Disposable non-chemical medical consumables and haematological consumables – Operatsioonitoa tarvikute ostmine kordushange || PCR automaatanalüsaatori tarvikud || Tarvikute ostmine PCR automaatanalüsaatorile Cobas 4800 vastavalt lisa I Tehniline kirjeldus-pakkumuse vorm kirjeldatule || Estonia – Disposable non-chemical medical consumables and haematological consumables – PCR automaatanalüsaatori tarvikud || FFP2 respiraatorid ja kaitsekitlid"
33141112,Plasters,Kanüüliplaastrite ostmine,,Kanüüliplaastrite ostmine || Vastavalt RHAD lisale 2 || Läbipaistev; isekleepuv kinnitusplaaster intravenoossete kanüülide fikseerimiseks; kinnitub ja püsib kindlalt; on kiiresti ja lihtsalt paigaldatav; eemaldatav nahka vigastamata; sisselõikega; ühekaupa steriilses pakendis 6x7cm || Estonia – Plasters – Kanüüliplaastrite ostmine
33141420,Surgical gloves,Steriilsete kinnaste ostmine,,Steriilsete kinnaste ostmine || Hanke eesmärk on sõlmida raamleping steriilsete kinnaste ostmiseks HD Lisas 1 toodud nimetuste ja kirjelduste alusel. || Osa kirjeldus Lisa 1-s || Estonia – Surgical gloves – Steriilsete kinnaste ostmine
33141500,Haematological consumables,Doonormunarakkude ja -seemnerakkude ostmine,,Doonormunarakkude ja -seemnerakkude ostmine || Estonia – Haematological consumables – Doonormunarakkude ja -seemnerakkude ostmine
33141800,Dental consumables,"Täidised, materjalid ja tarvikud hambaravis ning proteesimises",,"Täidised, materjalid ja tarvikud hambaravis ning proteesimises || SA Ida-Viru haigla korraldab hanget hambaravis ja proteesimises kasutatavate täidiste, materjalide ja tarvikute ostmiseks 24 kuu jooksul. || Hambaravi täidismaterjalid || Estonia – Dental consumables – Täidised, materjalid ja tarvikud hambaravis ning proteesimises"
33162200,Operating-theatre instruments,Koagulaatori tarvikud 2,,Koagulaatori tarvikud 2 || Koagulaatori tarvikute ostmine || Monoplaarse elektrokirurgilise käepideme ostmine suitsueemaldamise võimalusega || Estonia – Operating-theatre instruments – Koagulaatori tarvikud 2
33169000,Surgical instruments,Ühekordse kasutusega operatsioonikomplektid (universaal ja angiograafia),,Ühekordse kasutusega operatsioonikomplektid (universaal ja angiograafia) || Ühekordse kasutusega universaal ja angiograafia operatsioonikomplektide ostmine vastavalt RHAD lisas I Tehniline kirjeldus-pakkumuse vorm kirjeldatule. || Ühekordse kasutusega universaaloperatsioonikomplektide ostmine vastavalt RHAD lisas I Tehniline kirjeldus-pakkumuse vorm kirjeldatule. || Estonia – Surgical instruments – Ühekordse kasutusega operatsioonikomplektid (universaal ja angiograafia)
33183100,Orthopaedic implants,Kaela eesmise juurdepääsu kirurgia (ACDF) implantaadid ja ACDF operatsioonide teostamiseks vajalikud instrumendid,,"Kaela eesmise juurdepääsu kirurgia (ACDF) implantaadid ja ACDF operatsioonide teostamiseks vajalikud instrumendid || Riigihanke eesmärk on implantaatide ostmine konsignatsioonilao meetodil ning implantaatide paigaldamiseks ja eemaldamiseks vajalike instrumentide komplektide kasutusse võtmine rendilao meetodil koos toetava teenusega (tarne, tootjapoolne tugi, remont, hooldus, koolitus). || Estonia – Orthopaedic implants – Kaela eesmise juurdepääsu kirurgia (ACDF) implantaadid ja ACDF operatsioonide teostamiseks vajalikud instrumendid"
33184200,Vascular prostheses,Veresoonte proteesid ja endoproteesid,,"Veresoonte proteesid ja endoproteesid || Käesoleva hanke eesmärk on sõlmida raamleping veresoonte proteeside ja endoproteeside ostmiseks. || Aordi bifurkatsiooni proteesid, toruproteesid ja axillo-bifemoraalne proteesid || Estonia – Vascular prostheses – Veresoonte proteesid ja endoproteesid"
33184500,Coronary endoprostheses,Bioresorbeeruv stent,,Bioresorbeeruv stent || Bioresorbeeruvate korornaarstentide ostmine || Estonia – Coronary endoprostheses – Bioresorbeeruv stent
33191000,"Sterilisation, disinfection and hygiene devices",Pesu- ja sterilisatsioonilahused seadmetele,,"Pesu- ja sterilisatsioonilahused seadmetele || Pesu- ja sterilisatsioonilahuste ostmine vastavalt RHAD lisas I Tehniline kirjeldus-pakkumuse vorm kirjeldatule. || Sterilisatsioonilahuste ostmine vastavalt RHAD lisas I Tehniline kirjeldus-pakkumuse vorm kirjeldatule. || Estonia – Sterilisation, disinfection and hygiene devices – Pesu- ja sterilisatsioonilahused seadmetele"
33191110,Autoclaves,Autoklaavide ostmine,,"Autoklaavide ostmine || Hankija eesmärk on osta 2 (kaks) RHAD Lisa 1 tehnilisele kirjeldusele vastavat haigla sterilisatsiooniosakonnas kasutamiseks mõeldud autoklaavi (edaspidi ka seade) koos seadme eesmärgipäraseks kasutamiseks vajaliku pöördosmoosseadmega/seadmetega. Lisaks seadme müügile ja tarnele kuulub hankeobjekti koosseisu seadme paigaldamine, vajadusel häälestamine/seadistamine, kasutajakoolituse teostamine, seadme täisgarantii, garantiijärgne hooldus- ja remonditeenuse osutamine ning muud riigihanke hankealusdokumentides nimetatud hankeobjektiga seotud tegevused ja toimingud. || Estonia – Autoclaves – Autoklaavide ostmine"
33195000,Patient-monitoring system,Vererõhu monitoride ostmine,,Vererõhu monitoride ostmine || AS Lääne-Tallinna Keskhaigla soovib osta kokku 29 vererõhu monitori LTKH erinevatesse osakondadesse. 4 seadet tuleb tarnida 3 kuu jooksul lepingu sõlmimisest ja 25 seaded 2024 aasta jaanuari 3. nädalal. || Estonia – Patient-monitoring system – Vererõhu monitoride ostmine
33600000,Pharmaceutical products,Erinevate ravimite ostmine,,Erinevate ravimite ostmine || Vastavalt RHAD lisas 2 toodule. || Vastavvt RHAD lisale 2 vastavast osast || Estonia – Pharmaceutical products – Erinevate ravimite ostmine || Vereplasmast valmistatud preparaadid || Vastavalt RHAD lisas I Tehniline kirjeldus/pakkumuse vorm kirjeldatule || Estonia – Pharmaceutical products – Vereplasmast valmistatud preparaadid || Infektsioonivastased ravimid (J-grupp)
33642000,"Systemic hormonal preparations, excl. sex hormones",Süsteemse toimega hormoonpreparaatide ostmine,,"Süsteemse toimega hormoonpreparaatide ostmine || Süsteemse toimega hormoonpreparaatide ostmine 24 kuu vältel vastavalt reaalsele vajadusele || argipressiin infusioonlahuse kontsentraat 40TÜ || Estonia – Systemic hormonal preparations, excl. sex hormones – Süsteemse toimega hormoonpreparaatide ostmine || Seedetrakti ja ainevahetust mõjutavate ravimite, kardiovaskulaarsüsteemi ravimite, süsteemsete hormoonpreparaatide, hingamissüsteemi ravimite, günekoloogias ja uroloogias kasutatavate ainete ostmine || Hankeobjektiks olevate ravimite ostmine ja tarne hanke alusdokumentidest tulenevatel tingimustel. || Estonia – Systemic hormonal preparations, excl. sex hormones – Seedetrakti ja ainevahetust mõjutavate ravimite, kardiovaskulaarsüsteemi ravimite, süsteemsete hormoonpreparaatide, hingamissüsteemi ravimite, günekoloogias ja uroloogias kasutatavate ainete ostmine"
33661500,Psycholeptics,Psühholeptiliste ainete (N05) ostmine,,"Psühholeptiliste ainete (N05) ostmine || Riigihanke eesmärgiks on sõlmida raamlepingud, mille objektiks on SA-le Pärnu Haigla Psühholeptiliste ainete (N05) ostmine 2 aasta jooksul, mille tehniline kirjeldus on esitatud HD lisas 1. || Tehniline kirjeldus on esitatud HD lisas 1. || Estonia – Psycholeptics – Psühholeptiliste ainete (N05) ostmine"
33680000,Pharmaceutical articles,"Konsuumertooted, diagnostikumid",,"Konsuumertooted, diagnostikumid || Konsuumertoodete ja diagnostikumide ostmine madalaima hinnaga vastava pakkumuse teinud pakkujalt raamlepingu alusel || Estonia – Pharmaceutical articles – Konsuumertooted, diagnostikumid"
33690000,Various medicinal products,Sevofluraani ostmine,,Sevofluraani ostmine || Lähtudes RHAD lisa 2 || Estonia – Various medicinal products – Sevofluraani ostmine
33692000,Medical solutions,"Infusioonlahuste, plasmaasendajate, intravenoossete- ja loputuslahuste ning röntgenkontrastainete ostmine",,"Infusioonlahuste, plasmaasendajate, intravenoossete- ja loputuslahuste ning röntgenkontrastainete ostmine || Hankeobjektiks olevate ravimite ostmine ja tarne hanke alusdokumentidest tulenevatel tingimustel. || Hankeobjekti kirjeldusega palume tutvuda hanke alusdokumentidest Lisa 1 tehniline kirjeldus. || Estonia – Medical solutions – Infusioonlahuste, plasmaasendajate, intravenoossete- ja loputuslahuste ning röntgenkontrastainete ostmine"
33696000,Reagents and contrast media,Veregaaside analüsaatorid ja reaktiivid,,"Veregaaside analüsaatorid ja reaktiivid || Riigihanke eesmärgiks on sõlmida hankeleping, mille objektiks on veregaaside uuringuteks vajalike reaktiivide, proovivõtutarvikute ja seadme ning seadmete hooldus- ja remonditeenuse ostmine. || Estonia – Reagents and contrast media – Veregaaside analüsaatorid ja reaktiivid || Laborikemikaalide ostmine KORDUSHANGE || Laborikemikaalide ostmine vastavalt vajadusele kuni 12.02.2026 || Estonia – Reagents and contrast media – Laborikemikaalide ostmine KORDUSHANGE"
33696400,Isotopic reagents,Radiofarmatseutikumi 18F-fluorodeoksüglükoos ostmine,,Radiofarmatseutikumi 18F-fluorodeoksüglükoos ostmine || Radiofarmatseutikumi 18F-fluorodeoksüglükoos ostmine vastavalt RHAD lisas I Tehniline kirjeldus kirjeldatule. || Estonia – Isotopic reagents – Radiofarmatseutikumi 18F-fluorodeoksüglükoos ostmine
33696500,Laboratory reagents,"IA - Phadia seadme reaktiivid (allergia, autoimmuunsus)",,"IA - Phadia seadme reaktiivid (allergia, autoimmuunsus) || Estonia – Laboratory reagents – IA - Phadia seadme reaktiivid (allergia, autoimmuunsus) || Mikrobioloogia labori analüüside teostamise vahendid || Mikrobioloogia labori analüüside teostamise vahendid, Laia spektriga beetalaktamaaside (ESBL, AmpC) tootmise määramine, Beeta hemolüütiliste sterptokokkide gruppide määramine määramine (A, B, C, F, G) || Estonia – Laboratory reagents – Mikrobioloogia labori analüüside teostamise vahendid || HLA tüpiseerimine reaalaja PCR ja NGS meetodil || Hanke eesmärk on sõlmida raamleping diagnostikumide ja interpreteerimise tarkvara ostmiseks HLA tüpiseerimiseks reaal-aja PCR ja NGS meetodil. || Estonia – Laboratory reagents – HLA tüpiseerimine reaalaja PCR ja NGS meetodil"
34100000,Motor vehicles,"Hanke eesmärk on rentida N1-kategooria sõidukeid Eesti Sõjamuuseum - kindral Laidoneri muuseumile. Hankija soovib esimese hankelepinguga rentida kaks N1-kategooria sõidukit 60 kuuks, mille üleandmise aeg hankijale peab olema hiljemalt 9 kuud pärast hankelepingu sõlmimist. Hankijal on õigus rentida rendiperioodi jooksul veel N1-kategooria sõidukeid. Kui pakkuja pakutud ühikuhind ületab hankija planeeritud eelarvet, on hankijal õigus hankelepingu sõlmimiseks tellitavat kogust vähendada.",,"Hanke eesmärk on rentida N1-kategooria sõidukeid Eesti Sõjamuuseum - kindral Laidoneri muuseumile. Hankija soovib esimese hankelepinguga rentida kaks N1-kategooria sõidukit 60 kuuks, mille üleandmise aeg hankijale peab olema hiljemalt 9 kuud pärast hankelepingu sõlmimist. Hankijal on õigus rentida rendiperioodi jooksul veel N1-kategooria sõidukeid. Kui pakkuja pakutud ühikuhind ületab hankija planeeritud eelarvet, on hankijal õigus hankelepingu sõlmimiseks tellitavat kogust vähendada. || Estonia – Motor vehicles – Kaubikute rentimine || Maismaasõidukite ostmine ja kasutusrent || Hankega tulemusel soovitakse osta sõidukeid Välisministeeriumile ja Eesti Vabariigi diplomaatilistele esindustele || Sedaankerega suur keskklassi sõiduauto || Estonia – Motor vehicles – Maismaasõidukite ostmine ja kasutusrent"
34110000,Passenger cars,Sadulveoki ja paadiveohaagise soetamine Politsei- ja Piirivalveametile,,"Sadulveoki ja paadiveohaagise soetamine Politsei- ja Piirivalveametile || Vabariigi Valitsuse 04.11.2022 korralduse nr 300 alusel kuulutab Eesti Energia AS, kui vabatahtlik keskne hankija, välja riigihanke Politsei- ja Piirivalveameti nimel. Hankelepingu sõlmib eduka pakkujaga Politsei- ja Piirivalveamet. || M1, M2 ja N1, N2 kategooria sõidukite ostmine. || Estonia – Passenger cars – Sadulveoki ja paadiveohaagise soetamine Politsei- ja Piirivalveametile || Sõiduauto kasutusrent (M1 linnamaastur) || Estonia – Passenger cars – Sõiduauto kasutusrent (M1 linnamaastur) || Kahe maasturtõstuki soetamine Politsei- ja Piirivalveametile || Estonia – Passenger cars – Kahe maasturtõstuki soetamine Politsei- ja Piirivalveametile"
34111100,Estate cars,Universaali kasutusrent,,Universaali kasutusrent || Hankelepingu esemeks on universaalkerega sõiduauto kasutusrendile võtmine koos lisateenustega || Estonia – Estate cars – Universaali kasutusrent
34114110,Rescue vehicles,Õhusõiduki pääste- ja tuletõrjeautode ning tuletõrje paakautode ostmine,,"Õhusõiduki pääste- ja tuletõrjeautode ning tuletõrje paakautode ostmine || Riigihanke eesmärk on osta Eesti Kaitseväele õhusõiduki pääste- ja tuletõrjeautosid ning tuletõrje paakautosid koos nende tarvikute, abiseadmete ja tööriistadega ning nende elutsükli tagamiseks vajalike remont- ja hooldustööde tellimisega. Hankija soovib igas hanke osas minna raamlepingusse maksimaalselt kolme pakkujaga, kelle vahel hakkab hankija läbi viima minikonkursse. Esimese hankelepinguga soovib hankija osta kahte õhusõiduki pääste- ja tuletõrjeautot ning ühte tuletõrje paakautot, milleks hankija viib läbi minikonkursi. Hanke eeldatav maksumus ei kohusta hankijat selles mahus kaupa või teenuseid tellima. Lõplikud kogused ja summad selguvad sõlmitavate hankelepingute käigus. || Hanke osa eesmärk on osta õhusõiduki pääste- ja tuletõrjeautosid. || Estonia – Rescue vehicles – Õhusõiduki pääste- ja tuletõrjeautode ning tuletõrje paakautode ostmine"
34130000,Motor vehicles for the transport of goods,M1 kategooria bussi ostmine,,"M1 kategooria bussi ostmine || Ühe M1 kategooria bussi ostmine vastavalt riigihanke alusdokumentidele. Nõuded sõidukile on esitatud dokumendis ""Tehniline kirjeldus"" ja ""Lisa 1 - Hankeobjekti kirjeldus"". Hankelepingu tingimused on esitatud dokumendis ""Müügilepingu projekt"". Juhised pakkujale on esitatud dokumendis ""Lisateave"". || M1, M2 ja N1, N2 kategooria sõidukite ostmine. || Estonia – Motor vehicles for the transport of goods – M1 kategooria bussi ostmine || N1G erilahendusega maasturite ost || Estonia – Motor vehicles for the transport of goods – N1G erilahendusega maasturite ost"
34223330,Mobile units on trailers,Soojakute rentimine koos tarne ja paigaldusega üle Eesti.,,Soojakute rentimine koos tarne ja paigaldusega üle Eesti. || Estonia – Mobile units on trailers – Soojakute rentimine
34300000,Parts and accessories for vehicles and their engines,Päästesõidukite varuosade ostmine,,"Päästesõidukite varuosade ostmine || Raamlepingu objektiks on päästesõidukite varuosade vajaduspõhine ostmine koos nende kohale toimetamisega hankija asukohta Pritsu, Vardja küla, Kose vald, Harjumaa. || Raamlepingu objektiks on osa nimetuses toodud ettevõtja poolt toodetud päästesõidukite varuosade vajaduspõhine ostmine koos nende kohale toimetamisega hankija asukohta Pritsu, Vardja küla, Kose vald, Harjumaa. || Estonia – Parts and accessories for vehicles and their engines – Päästesõidukite varuosade ostmine"
34352000,Heavy-duty tyres,Kaitseotstarbeliste sõidukite rehvid,,Kaitseotstarbeliste sõidukite rehvid || Objektiks on rehvide ostmine 24 kalendrikuu jooksul. || Estonia – Heavy-duty tyres – Kaitseotstarbeliste sõidukite rehvid
34600000,Railway and tramway locomotives and rolling stock and associated parts,Hooldustrammi ostmine,,"Hooldustrammi ostmine || Vajalik trammiteede hoolduseks. Hooldustramm võimaldab rööbastee lihvimist, harjamist nii suvel kui talvel, rööbastee puhastamist lumest ja kontaktliinilt härmatise eemaldamist. Praegu kasutusel olevad tehnilised trammid on tehniliselt ja moraalselt vananenud ning nende jätkuv ekspluatatsioon on ebamõistlik. || Estonia – Railway and tramway locomotives and rolling stock and associated parts – Hooldustrammi ostmine"
34923000,Road traffic-control equipment,Liiklusjärelevalve vahendite ostmine,,Liiklusjärelevalve vahendite ostmine || Erinevate mõõtevahendite soetamine || Estonia – Road traffic-control equipment – Liiklusjärelevalve vahendite ostmine
34928400,Urban furniture,Linnamööbli soetamine 2023,,Linnamööbli soetamine 2023 || Hanke eesmärk on hankelepingu sõlmimine kvaliteetse ning nõuetele vastava linnamööbli soetamiseks ja paigaldamiseks. || Täpsem kirjeldus on esitletud alusdokumentide lisades 1.1 ja 1.1.1. || Estonia – Urban furniture – Linnamööbli soetamine 2023
34969000,Passenger boarding bridges and stairs for aircraft,Iseliikuv reisijate trapp,,Iseliikuv reisijate trapp || Riigihankega ostetakse kokku viis (5) reisijate trappi. 2023. aastal ostetakse kolm (3) trappi ja 2024. aastal ostetakse kaks (2) trappi. Pakkumus peab olema tehtud viiele trapile korraga. || Estonia – Passenger boarding bridges and stairs for aircraft – Iseliikuv reisijate trapp
34980000,Transport tickets,Piletimüügisüsteemi rentimine Põlva- ja Võrumaa bussiliinidele,,Piletimüügisüsteemi rentimine Põlva- ja Võrumaa bussiliinidele || Põlva- ja Võru maakonnaliinide bussidesse hangitakse ühtse piletimüügisüsteemi toimimise terviklahendus ning renditakse vastavad seadmed. || Estonia – Transport tickets – Piletimüügisüsteemi rentimine Põlva- ja Võrumaa bussiliinidele
34993000,Road lights,LED valgustite ostmine maanteevalgustuse taristu renoveerimiseks,,LED valgustite ostmine maanteevalgustuse taristu renoveerimiseks || Estonia – Road lights – LED valgustite ostmine maanteevalgustuse taristu renoveerimiseks
35100000,Emergency and security equipment,"Demineerimisrobotid, elutsükkel ja varuosad",,"Demineerimisrobotid, elutsükkel ja varuosad || Hangitakse demineerimisroboteid ning nendega seonduvaid varuosi, tarvikuid, koolitusi, hooldus- ja remonditeenuseid. || Estonia – Emergency and security equipment – Demineerimisrobotid, elutsükkel ja varuosad"
35330000,Ammunition,Erinevat tüüpi laskemoona ostmine,,Erinevat tüüpi laskemoona ostmine || Estonia – Ammunition – Laskemoona ostmine
35331300,Grenades,"Lahingkäsigranaatide ja õppekäsigranaatide, nende elutsükli ja vajalike koolituste tagamine ning uutele ja juba olemasolevatele käsigranaatidele sütikute soetamine.",,"Lahingkäsigranaatide ja õppekäsigranaatide, nende elutsükli ja vajalike koolituste tagamine ning uutele ja juba olemasolevatele käsigranaatidele sütikute soetamine. || Estonia – Grenades – Käsigranaadid"
37400000,Sports goods and equipment,Tallinna Spordihalli (Herne 30) spordiinventari hankimine ja paigaldus,,"Tallinna Spordihalli (Herne 30) spordiinventari hankimine ja paigaldus || Tallinna Spordihalli (Herne 30) spordiinventari hankimine ja paigaldus, mis sisaldab spordiinventari (spordivarustus, jõusaali seadmed ja fotofiniš) hankimist koos selle transpordiga objektile ja paigaldusega (montaažiga, sh tehnosüsteemidega ühendamine) ning toodete garantiiteenuse osutamine, mille eest hankija ei pea maksma lisatasu. || Pakkuja ülesandeks on spordiinventari hankimine koos selle transpordiga objektile ja paigaldusega (montaažiga, sh tehnosüsteemidega ühendamine) ning toodete garantiiteenuse osutamine, mille eest hankija ei pea maksma lisatasu. || Estonia – Sports goods and equipment – Tallinna Spordihalli (Herne 30) spordiinventari hankimine ja paigaldus || Rattad Riigi Kaitseinvesteeringute Keskusele || Jalgrataste reaalne soetatav kogus sõltub toote ühikuhinnast || Estonia – Sports goods and equipment – Rattad"
38000000,"Laboratory, optical and precision equipments (excl. glasses)",Alpha-tight encasement for glovebox dismantling,,"Alpha-tight encasement for glovebox dismantling || The JRC Karlsruhe plans to purchase an alpha-tight encasement for the dismantling of gloveboxes at the JRC Karlsruhe premises. The glove box dismantling, as all other activities within the JRC Karlsruhe involving the handling of radioactive materials, ought to comply with all safety specifications to be applied in a controlled area of a nuclear facility. It follows from precisely these safety considerations that the glove boxes at the JRC Karlsruhe must only be scrapped in an alpha-tight encasement that can demonstrably and reliably prevent the spread of contamination. Supplementary safety requirements are: a defined subatmospheric pressure in the work area, the use of fire-retardant materials and the possibility to integrate the system into the existing monitoring instrumentation established at the JRC Karlsruhe. || ['The JRC Karlsruhe plans to purchase an alpha-tight encasement for the dismantling of gloveboxes at the JRC Karlsruhe premises. The glove box dismantling, as all other activities within the JRC Karlsruhe involving the handling of radioactive materials, ought to comply with all safety specifications to be applied in a controlled area of a nuclear facility. It follows from precisely these safety considerations that the glove boxes at the JRC Karlsruhe must only be scrapped in an alpha-tight encasement that can demonstrably and reliably prevent the spread of contamination. Supplementary safety requirements are: a defined subatmospheric pressure in the work area, the use of fire-retardant materials and the possibility to integrate the system into the existing monitoring instrumentation established at the JRC Karlsruhe.'] || Germany – Laboratory, optical and precision equipments (excl. glasses) – Alpha-tight encasement for glovebox dismantling"
38300000,Measuring instruments,Tartu Ülikoolile laserskanneri ostmine,,"Tartu Ülikoolile laserskanneri ostmine || Käesoleva hankemenetluse esemeks on laserskanneri ostmine vastavalt HD lisas 1 esitatud tehnilistele kirjeldustele || Estonia – Measuring instruments – Tartu Ülikoolile laserskanneri ostmine || Kütuselabori seadmete ostmine || Riigihanke eesmärk on lennukikütuse kvaliteedi järelevalve teostamise seadmete ja nende tarvikute soetamine, kalibreerimine ja garantiihoolduste teostamine. Hanke eeldatav maksumus ei kohusta hankijat selles mahus kaupa või teenuseid tellima. Lõplikud kogused ja summad selguvad sõlmitavate hankelepingute käigus. || Estonia – Measuring instruments – Kütuselabori seadmete ostmine"
38432200,Chromatographs,Kõrgsurvevedelikkromatograafia (HPLC) süsteemi ostmine,,Kõrgsurvevedelikkromatograafia (HPLC) süsteemi ostmine || Käesoleva hankemenetluse esemeks on Tartu Ülikoolile kõrgsurvevedelikkromatograafia (HPLC) süsteemi ostmine vastavalt HD lisas 1 esitatud tehnilisele kirjeldusele. || Estonia – Chromatographs – Kõrgsurvevedelikkromatograafia (HPLC) süsteemi ostmine
38432210,Gas chromatographs,Lisaseadmete ostmine GC-C-IRMS mõõtesüsteemi loomiseks,,Lisaseadmete ostmine GC-C-IRMS mõõtesüsteemi loomiseks || Käesoleva hankemenetluse esemeks on lisaseadmete ostmine GC-C-IRMS mõõtesüsteemi loomiseks vastavalt HD lisas 1 esitatud tehnilisele kirjeldusele. Hankelepingu täitmise tähtaeg on hiljemalt 7 (seitse) kuud hankelepingu sõlmimisest. || Estonia – Gas chromatographs – Lisaseadmete ostmine GC-C-IRMS mõõtesüsteemi loomiseks
38434540,Biomedical equipment,"Sekveneerimiseks vajalike reagentide, kittide, kiipide ja tarvikute ostmine Terviseameti nakkushaiguste laborile",,"Sekveneerimiseks vajalike reagentide, kittide, kiipide ja tarvikute ostmine Terviseameti nakkushaiguste laborile || Sekveneerimiseks vajalike reagentide ja nende komplektide (kitid), kiipide ja tarvikute hankimine Terviseameti terviseohutuslabori nakkushaiguste laborile || Estonia – Biomedical equipment – Sekveneerimiseks vajalike reagentide, kittide, kiipide ja tarvikute ostmine Terviseameti nakkushaiguste laborile"
38434560,Chemistry analyser,Kliinilise keemia analüsaatorid,,"Kliinilise keemia analüsaatorid || Hanke eesmärk on sõlmida raamleping kolme täisautomaatse kliinilise keemia analüsaatori (sh tarkvaralitsentside, lisamoodulite) tasuta kasutamiseks koos kaasnevate teenustega (sh hooldus, remont ja koolitus) ning uuringute teostamiseks vajalike reaktiivide (sh kalibraatorid ja kontrollid) ja muude kulumaterjalide ostmiseks kolmeks aastaks. Tegu on ajutise lahendusega kuniks on läbi viidud labori automaatliini hange, mille raames näeme ette ka tütarhaiglate vajaduste katmise sama tootja seadmete ja reaktiividega. || Estonia – Chemistry analyser – Kliinilise keemia analüsaatorid"
38519000,Miscellaneous compounds for microscopes,Vibratsioonivabade mikroskoobilaudade ostmine fluorestsentsmikroskoopidele Zeiss Axio Observer,,Vibratsioonivabade mikroskoobilaudade ostmine fluorestsentsmikroskoopidele Zeiss Axio Observer || Käesoleva hankemenetluse esemeks on kahe vibratsioonivaba mikroskoobilaua ostmine fluorestsentsmikroskoopidele Zeiss Axio Observer vastavalt HD lisas 1 esitatud tehnilisele kirjeldusele. Seadme üleandmise tähtaeg on hiljemalt 3 (kolm) kuud hankelepingu sõlmimisest. || Estonia – Miscellaneous compounds for microscopes – Vibratsioonivabade mikroskoobilaudade ostmine fluorestsentsmikroskoopidele Zeiss Axio Observer
38632000,Nightglasses,Öövaatlusseadmete ost koos elutsükli tagamisega,,Öövaatlusseadmete ost koos elutsükli tagamisega || Estonia – Nightglasses – Öövaatlusseadmed
39100000,Furniture,"Tallinna Linnateatri (Lai tn 25 // Laboratooriumi tn 12, Lai tn 23) sisustamine köögitehnikaga",,"Tallinna Linnateatri (Lai tn 25 // Laboratooriumi tn 12, Lai tn 23) sisustamine köögitehnikaga || Tallinna Linnavaraamet (edaspidi hankija) kutsub Teid (edaspidi pakkuja) esitama pakkumust avatud hankemenetlusena läbiviidavale riigihankele, mille eesmärk on hankelepingu (edaspidi leping) sõlmimine sisustuse ostmiseks (edaspidi lepingu ese) ehk Tallinna Linnateatri (Lai tn 25 // Laboratooriumi tn 12, Lai tn 23) köögitehnika hankimine koos selle transpordiga objektile ja paigaldusega (montaažiga, sh vajadusel tehnosüsteemidega ühendamine). Tallinna Linnateatri hoonekompleksi on kavandatud kaks toitlustusasutust koos köökidega. || Estonia – Furniture – Tallinna Linnateatri (Lai tn 25 // Laboratooriumi tn 12, Lai tn 23) sisustamine köögitehnikaga"
39130000,Office furniture,"Mööbli ostmine koos transportiga hankija asukohta, mööbli kokkupanekuga ja pakendite utiliseerimisega.",,"Mööbli ostmine koos transportiga hankija asukohta, mööbli kokkupanekuga ja pakendite utiliseerimisega. || Estonia – Office furniture – Mööbli ostmine"
39160000,School furniture,Kohtla-Järve Kesklinna Põhikooli sisustus,,"Kohtla-Järve Kesklinna Põhikooli sisustus || Kohtla-Järve Kesklinna põhikooli (Pärna tn 20) sisustuse ostmine, tarnimine ja paigaldamine vastavalt tehnilisele kirjeldusele. || Estonia – School furniture – Kohtla-Järve Kesklinna Põhikooli sisustus || Kohtla-Järve Kesklinna põhikooli (Pärna tn 20) sisustuse ostmine, tarnimine ja paigaldamine vastavalt tehnilisele kirjeldusele. Projekt asub aadressil: https://zc.ee/ghVf3FZm || Kärdla Põhikooli sisustuse ostmine || Müüja kohustuseks on ka asjade tootmine, tarne, paigaldus ja seadistamine aadressil Uus tn 4, Kärdla asuvasse uude Kärdla Põhikooli. || Estonia – School furniture – Kärdla Põhikooli sisustuse ostmine"
39161000,Kindergarten furniture,Kiili alevi Kurna tee lasteaia sisustuse ostmine,,Kiili alevi Kurna tee lasteaia sisustuse ostmine || Estonia – Kindergarten furniture – Kiili alevi Kurna tee lasteaia sisustuse ostmine
39162110,Teaching supplies,Õppevahendid Pelgulinna riigigümnaasium,,"Õppevahendid Pelgulinna riigigümnaasium || • Osa I, Füüsika õppevahendid tarnimine ja paigaldus • Osa II, Keemia õppevahendid tarnimine ja paigaldus • Osa III, Bioloogia õppevahendid tarnimine ja paigaldus • Osa IV Geograafia õppevahendid tarnimine ja paigaldus • Osa V Matemaatika õppevahendid tarnimine ja paigaldus || Füüsika õppevahendid tarnimine ja paigaldus || Estonia – Teaching supplies – Õppevahendid Pelgulinna riigigümnaasium || Narva Eesti Gümnaasiumi laborite inventar || Füüsika, keemia ja bioloogia laborite inventari hankimine Narva Eesti Gümnaasiumile. || Füüsika laborite inventari hankimine Narva Eesti Gümnaasiumile. || Estonia – Teaching supplies – Narva Eesti Gümnaasiumi laborite inventar"
39230000,Special-purpose product,Ökofüsioloogia taimedekasvukambri ostmine,,Ökofüsioloogia taimedekasvukambri ostmine || Käesoleva hankemenetluse esemeks on ökofüsioloogia taimedekasvukambri ostmine vastavalt lisas 1 tehnilises kirjelduses esitatud tingimustele. || Estonia – Special-purpose product – Ökofüsioloogia taimedekasvukambri ostmine || 81mm miinipilduja M252 transpordikast || 81mm miinipilduja M252 transpordikast.Tagada taktikalistele tuletoetusüksustele nõuetekohane relvade hoidmine ja transport. || Estonia – Special-purpose product – 81mm miinipilduja M252 transpordikast
39314000,Industrial kitchen equipment,Narva Eesti Gümnaasiumi köögitehnoloogia hange,,Narva Eesti Gümnaasiumi köögitehnoloogia hange || Köögitehnoloogia hankimine Narva Eesti Gümnaasiumile. || Estonia – Industrial kitchen equipment – Narva Eesti Gümnaasiumi köögitehnoloogia hange || Rae riigigümnaasiumi köögitehnoloogia hange || Köögitehnoloogia hankimine Rae riigigümnaasiumile. || Estonia – Industrial kitchen equipment – Rae riigigümnaasiumi köögitehnoloogia hange
42123100,Gas compressors,Mobiilse gaasikompressori ost gaasi ülekandmiseks,,Mobiilse gaasikompressori ost gaasi ülekandmiseks || Estonia – Gas compressors – Mobiilse gaasikompressori ost gaasi ülekandmiseks
42923230,Checkweigher scales,Sõidukite kaalude ostmine Luhamaa maanteepiiripunkti (Maksu- ja Tolliamet),,"Sõidukite kaalude ostmine Luhamaa maanteepiiripunkti (Maksu- ja Tolliamet) || Luhamaa maanteepiiripunkti sisenevatel sõidusuundadel tuvastatakse automaatselt sõidukite ja haagiste registrinumbrid. Hanke eesmärk on soetada kaalud, mille kasutamisel teostatakse lisaks numbrituvastusele ka sõidukite ja haagiste kaalumine. Kaalumist peab saama teostada liikumise pealt erinevatel liikumiskiirustel. Piiripunkti sisenemise alal on liikumiskiirus küll piiratud, aga pole fikseeritud. || Estonia – Checkweigher scales – Sõidukite kaalude ostmine Luhamaa maanteepiiripunkti (Maksu- ja Tolliamet)"
43132100,Drilling machinery,Katendi puurpingi ostmine,,Katendi puurpingi ostmine || Ostetakse üks (1) uus katendi puurping vertikaalsete ja kuni 30 kraadise (sammuga 5 kraadi) kaldsuunaga 200 kuni 230 mm läbimõõduga ning kuni 45 m sügavuste laenguaukude puurimiseks veerikkasse lubjakivimisse ja merglisse survetugevusega kuni 100 MPa. Puurimisviisiks on näritspuurpeaga keerdpuurimine. || Estonia – Drilling machinery – Katendi puurpingi ostmine
43300000,Construction machinery and equipment,Allmaa betooniveoki ostmine,,"Allmaa betooniveoki ostmine || Ostetakse üks (1) betoonipumbaga ja mikseriga varustatud veok betooni valmistamiseks, veoks ning pumpamiseks allmaarajatiste ehitusel ja remondil. || Estonia – Construction machinery and equipment – Allmaa betooniveoki ostmine"
44100000,Construction materials and associated items,Ehitus- ja tarbekaupade raamleping,,"Ehitus- ja tarbekaupade raamleping || Riigihanke esmeks on ehitus- ja tarbekaupade ostmine 36 kuu vältel. || üldehitusmaterjalide-, viimistlusmaterjalide-, rauakaupade, kinnitustarvikute, sisustuskaubade ostmine 36 kuu vätlel || Estonia – Construction materials and associated items – Ehitus- ja tarbekaupade raamleping"
44200000,Structural products,Lukksepa ja keevituse toormaterjalide ostmine,,"Lukksepa ja keevituse toormaterjalide ostmine || Riigihanke eesmärk on leida koostööpartnerid, kes tarniksid Riigi Kaitseinvesteeringute Keskusele ja Kaitseväele erinevaid konstruktsiooniteraseid, eriteraseid, värvilisi metalle ja komposiitmaterjale. Hankija soovib minna raamlepingusse igas hanke osas maksimaalselt kolme pakkujaga, kelle vahel hakkab hankija läbi viima minikonkursse. Hanke eeldatav maksumus ei kohusta hankijat selles mahus kaupa tellima. Lõplikud kogused ja summad selguvad sõlmitavate hankelepingute käigus. || Hanke osa eesmärk on osta konstruktsiooniteraseid. || Estonia – Structural products – Lukksepa ja keevituse toormaterjalide ostmine"
44482100,Fire hoses,Tuletõrjevoolikute ostmine,,Tuletõrjevoolikute ostmine || Estonia – Fire hoses – Tuletõrjevoolikute ostmine
45000000,Construction work,"Lieferung, Montage und Inbetriebnahme von Komponenten der Anlagensicherung",,"Lieferung, Montage und Inbetriebnahme von Komponenten der Anlagensicherung || Am Standort des JRC Karlsruhe wurde der Neubau eines zusätzlichen separaten Labor- und Lagergebäudes Flügel M geplant und mit den Bauarbeiten begonnen. Die Neubaumaßnahme hat eine Bruttogrundfläche von ca. 8 500 m2 und dient dazu, die notwendige Infrastruktur für die wissenschaftlichen Arbeiten auch für die Zukunft sicherzustellen. Nach Unterbrechung der Arbeiten ist jetzt die Projektfortführung für die restlichen Maßnahmen zur kompletten Errichtung und Inbetriebnahme des Flügel M notwendig. Die Hauptpakete sind Technische Gebäudeausrüstung (TGA 1 und 2) und Anlagensicherung (AS). Für das Gewerk AS wird ein geeigneter Auftragnehmer (AN) gesucht. Zum Angebotsumfang des hier ausgeschriebenen Pakets AS gehören folgende Systeme und Komponenten: Schleusensysteme, IRIS Erkennungssysteme, Gefahrenmeldeanlage (zum Teil Erweiterung vom Bestand), Gefahrenmanagementsystem (zum Teil Erweiterung vom Bestand), Fernsehüberwachungsanlage (zum Teil Erweiterung vom Bestand), Netzwerkeinrichtungen, Server- und Datenschränke, Möbel- und Pulte der Objektsicherungszentrale, Zugangskontrollsystem (zum Teil Erweiterung vom Bestand), Funkanlage, Kabel und Leitungen zu den o. g. Systemen. || Germany – Construction work – Lieferung, Montage und Inbetriebnahme von Komponenten der Anlagensicherung"
45100000,Site preparation work,"Tiigi 9a, Narva kordonihoone rekonstrueerimistööd",,"Tiigi 9a, Narva kordonihoone rekonstrueerimistööd || Hanke eesmärgiks on kordonihoone rekonstrueerimiseks, juhtimiskeskuse rajamiseks, garaaž-autotöökoja elektripaigaldise rekonstrueerimiseks, välialade korrastamiseks ning autoparkla rajamiseks peatöövõtja leidmine || Estonia – Site preparation work – Tiigi 9a, Narva kordonihoone rekonstrueerimistööd"
45200000,Works for complete or part construction and civil engineering work,"Tartu Ülikooli üliõpilaselamu Nooruse 7, Tartu rekonstrueerimine koos sisustamisega",,"Tartu Ülikooli üliõpilaselamu Nooruse 7, Tartu rekonstrueerimine koos sisustamisega || Tellija põhieesmärgiks on tähtaegselt ja optimaalsete kuludega rekonstrueerida aadressil Nooruse 7, Tartu asuv üheksakorruseline üliõpilaselamu. Pakkujal on võimalik tutvuda objektiga, tutvumise osas leppida eelnevalt kokku MTÜ Tartu Üliõpilasküla haldusjuhi Ove Tikuga, tel 510 4383, e-post ove.tikk@ut.ee (tööpäevadel 9.00–17.00). || Estonia – Works for complete or part construction and civil engineering work – Tartu Ülikooli üliõpilaselamu Nooruse 7, Tartu rekonstrueerimine koos sisustamisega || Hooldus-õppegaraaži ja 4 tehnika varjualuse projekteerimine ja ehitamine || Tapa linnaku tehnikatöökoja ja nelja varjualuse rajamine vastavalt tellija poolt edastatud ehitusprojektidele. Asukoht: Loode tn 35, Tapa linn, Tapa vald, Lääne-Viru maakond (79201:001:0288). Töömaa suurus ca 4,5 ha. Töömaa sees arvestada ka erinevate alade ja platside rajamisega ehitiste ümber ning taristu toimimiseks vajalike trassidega. Taotleda ehitusload. Projekteerimisel ja ehitamisel lähtuda tehnilisest kirjeldusest (TK) ja selle lisadest. || Estonia – Works for complete or part construction and civil engineering work – Hooldus-õppegaraaži ja 4 tehnika varjualuse projekteerimine ja ehitamine || Ämari kasarmud ja hooldus-õppegaraažid || Ämari kasarmute ja hooldus-õppegaraažide projekteerimine ja ehitus. Hange on jaotatud kahte ossa: I osa Ämari kasarmud koos tehnovõrkude laiendustega II osa Ämari hooldus-õppegaraažid"
45212000,"Construction work for buildings relating to leisure, sports, culture, lodging and restaurants",Ilmarise 51 tänavaspordiala projekteerimine ja rajamine,,"Ilmarise 51 tänavaspordiala projekteerimine ja rajamine || Ilmarise rulapargi- ja tänavakorvpalliala projekteerimine ja ehitustööd || Estonia – Construction work for buildings relating to leisure, sports, culture, lodging and restaurants – Ilmarise 51 tänavaspordiala projekteerimine ja rajamine"
45212300,Construction work for art and cultural buildings,Sihtasutus Eesti Kontsert Saaremaa Ooperipäevad 2023 ja 2024 aasta hange ooperimaja ehituseks vajalike tarvikute rendiks koos paigalduse ja teisaldusega,,"Sihtasutus Eesti Kontsert Saaremaa Ooperipäevad 2023 ja 2024 aasta hange ooperimaja ehituseks vajalike tarvikute rendiks koos paigalduse ja teisaldusega || SA Eesti Kontsert ettepanek pakkumuse esitamiseks Saaremaa Ooperipäevad 2023, 2024 Ooperimaja ehituseks vajaliku lava, saali, tribüünide ja muu vajaliku inventari rendiks, paigaldamiseks ja teisaldamiseks. Kasutusvalmis peavad olema kõik rajatavad telgid kuupäevadel vastavalt tehnilisele kirjeldusele. || Estonia – Construction work for art and cultural buildings – Sihtasutus Eesti Kontsert Saaremaa Ooperipäevad 2023 ja 2024 aasta hange ooperimaja ehituseks vajalike tarvikute rendiks koos paigalduse ja teisaldusega"
45214100,Construction work for kindergarten buildings,Tallinna Männimudila Lasteaia ehitus,,Tallinna Männimudila Lasteaia ehitus || Olemasoleva lasteaia lammutus ning uue 8 rühmalise lasteaia ehitus || Estonia – Construction work for kindergarten buildings – Tallinna Männimudila Lasteaia ehitus
45214200,Construction work for school buildings,Mustamäe riigigümnaasiumi õppehoone ehitustööd,,Mustamäe riigigümnaasiumi õppehoone ehitustööd || Mustamäe riigigümnaasiumi õppehoone ehitustööd peatöövõtu meetodil || Estonia – Construction work for school buildings – Mustamäe riigigümnaasiumi õppehoone ehitustööd
45215000,"Construction work for buildings relating to health and social services, for crematoriums and public conveniences",Hiiumaa esmatasandi tervisekeskuse Käina filiaali ehitustööd,,"Hiiumaa esmatasandi tervisekeskuse Käina filiaali ehitustööd || Hangitakse Hiiumaa esmatasandi tervisekeskuse Käina filiaali ehitustööd. || Estonia – Construction work for buildings relating to health and social services, for crematoriums and public conveniences – Hiiumaa esmatasandi tervisekeskuse Käina filiaali ehitustööd || SA Tallinna Lastehaigla generaatori ehitustööd || SA Tallinna Lastehaigla generaatori ehitustööde teostamine, sh elektri ühendamine ja generaatori hoone ehitamine || Estonia – Construction work for buildings relating to health and social services, for crematoriums and public conveniences – SA Tallinna Lastehaigla generaatori ehitustööd"
45221112,Railway bridge construction work,Kiltsi raudteesilla projekteerimis- ja ehitustööd,,Kiltsi raudteesilla projekteerimis- ja ehitustööd || Riigi poolt on eesmärgiks seatud Tapa-Tartu liinil kiiruste tõstmine kuni kiiruseni 160 km/h. Antud eesmärgi täitmiseks tuleb projekteerida tööprojekti mahus ning ehitada uus raudteesild üle Põltsamaa jõe. Hanke ese on täpsemalt kirjeldatud HD Lisas 1. || Estonia – Railway bridge construction work – Kiltsi raudteesilla projekteerimis- ja ehitustööd
45221120,Viaduct construction work,Riigiteel nr 20141 Rapla-Varbola asuva Alu maanteeviadukti ehitamine,,Riigiteel nr 20141 Rapla-Varbola asuva Alu maanteeviadukti ehitamine || Riigiteel nr 20141 Rapla-Varbola asuva Alu maanteeviadukti ehitamine vastavalt riigihanke alusdokumentides toodud tingimustele. || Estonia – Viaduct construction work – Riigiteel nr 20141 Rapla-Varbola asuva Alu maanteeviadukti ehitamine
45230000,"Construction work for pipelines, communication and power lines, for highways, roads, airfields and railways; flatwork",Ämari lennuliiklusala remont,,"Ämari lennuliiklusala remont || Ämari lennuvälja lennuliiklusala (ca 38 ha) sadeveesüsteemide, valgustussüsteemide ja katendite ning märgistuste remonilahenduste projekteerimine ja ehitus/remonttööde teostamine. || Estonia – Construction work for pipelines, communication and power lines, for highways, roads, airfields and railways; flatwork – Ämari lennuliiklusala remont"
45231220,Construction work for gas pipelines,"Rail Baltica ja Eleringi Kiisa, Saku ja Tootsi gaasitorustike ümberehitustööd",,"Rail Baltica ja Eleringi Kiisa, Saku ja Tootsi gaasitorustike ümberehitustööd || Estonia – Construction work for gas pipelines – Rail Baltica ja Eleringi Kiisa, Saku ja Tootsi gaasitorustike ümberehitustööd"
45231300,Construction work for water and sewage pipelines,"Jahe tee 2a, Tallinn",,"Jahe tee 2a, Tallinn || Jahe tee 2a, Tallinn liitumispunktide ehitus || Estonia – Construction work for water and sewage pipelines – Jahe tee 2a, Tallinn || Kulli tn 30, Tallinn || Kulli tn 30, Tallinn liitumispunktide ehitus || Estonia – Construction work for water and sewage pipelines – Kulli tn 30, Tallinn || Kose tee 88a, Tallinn || Kose tee 88a, Tallinn liitumispunktide ehitus"
45231400,Construction work for electricity power lines,L357 Paide – Kiisa ja L187 Paide - Rapla rekonstrueerimine,,L357 Paide – Kiisa ja L187 Paide - Rapla rekonstrueerimine || Elering AS projekteerib ja rekonstrueerib „võtmed-kätte“ meetodil 330kV õhuliini nr L357 alates Paide 330kV alajaamast kuni Kiisa 330kV alajaamani. Õhuliini nimetus on L357 Paide - Kiisa. L357 rekonstrueerimise mahus tõstetakse L357 Paide – Kiisa õhuliiniga ühistele mastidele ka paralleelselt kulgev 110kV õhuliin L187 Paide – Rapla alates Paide alajaamast kuni L187 mastini M71. Täpsed tingimused on esitatud Hankedokumentides. || Estonia – Construction work for electricity power lines – L357 Paide – Kiisa ja L187 Paide - Rapla rekonstrueerimine
45233120,Road construction works,"Riigitee 20 Põdruse–Kunda–Pada km 16,91-28,35 Kunda–Pada teelõigu rekonstrueerimine BIM",,"Riigitee 20 Põdruse–Kunda–Pada km 16,91-28,35 Kunda–Pada teelõigu rekonstrueerimine BIM || Riigitee 20 Põdruse–Kunda–Pada km 16,91-28,35 Kunda–Pada teelõigu rekonstrueerimine BIM vastavalt hanke alusdokumentides toodud tingimustele. || Estonia – Road construction works – Riigitee 20 Põdruse–Kunda–Pada km 16,91-28,35 Kunda–Pada teelõigu rekonstrueerimine BIM"
45233130,Construction work for highways,"Riigitee nr 4 Tallinn ‒ Pärnu ‒ Ikla km 122,6-125,2 Sauga – Pärnu 2+2 teelõigu ehitus",,"Riigitee nr 4 Tallinn ‒ Pärnu ‒ Ikla km 122,6-125,2 Sauga – Pärnu 2+2 teelõigu ehitus || Riigitee nr 4 Tallinn ‒ Pärnu ‒ Ikla km 122,6-125,2 Sauga – Pärnu 2+2 teelõigu ehitus vastavalt hanke alusdokumentides toodud tingimustele. || Estonia – Construction work for highways – Riigitee nr 4 Tallinn ‒ Pärnu ‒ Ikla km 122,6-125,2 Sauga – Pärnu 2+2 teelõigu ehitus"
45234100,Railway construction works,Tapa raudteejaama osaline renoveerimine,,"Tapa raudteejaama osaline renoveerimine || Tapa raudteejaama osaline renoveerimine koos keskkõriku ja depookõriku ümberehitusega. Hanke ese on täpsemalt kirjeldatud HD Lisas 1 ja selle lisades. || Estonia – Railway construction works – Tapa raudteejaama osaline renoveerimine || Rail Baltica Raplamaa põhitrassi raudteetaristu I etapi ehitustööd || Estonia – Railway construction works – Rail Baltica Raplamaa põhitrassi raudteetaristu I etapi ehitustööd || Rail Baltica Harjumaa põhitrassi raudteetaristu I etapi ehitustööd || Põhitrassi Ülemiste - Soodevahe lõigu raudteede muldkeha (sh. piki- ja põiksuunaline drenaaži ehitus, maaparandustööd, 1 truubi ehitus loomade läbipääsuks ja veejuhtimiseks, tugimüüride ehitus, haljastamine, raudtee kaablikanalite rajamine ja kolmandate osapoolte tehnovõrkude ristumiste ümberehitus) ehitus lõigul DS2 DPS1 (0+000 – 4+800).sh. Ülemiste jaama 1435 splj teede ja manöövritee osaline muldkeha ja drenaaži ehitus. Ülemiste veeremidepoo manöövritee muldkeha ja osaline tehnovõrkude ehitus. Ehitustööde teostamine vastavalt riigihanke alusdokumentides sätesatud tingimustele. || Estonia – Railway construction works – Rail Baltica Harjumaa põhitrassi raudteetaristu I etapi ehitustööd"
45241100,Quay construction work,Paldiski Lõunasadamasse multifunktsionaalse kai nr 6A ja tagalaala rajamise projekteerimis- ja ehitustööd,,"Paldiski Lõunasadamasse multifunktsionaalse kai nr 6A ja tagalaala rajamise projekteerimis- ja ehitustööd || Riigihanke esemeks on Paldiski Lõunasadamasse multifunktsionaalse kai nr 6A sildumispikkusega 310 m ja tagalaala suurusega ca 10 ha ja kandevõimega kogu ulatuses 200 kN/m2 projekteerimis- ja ehitustööd. Kai tuleb varustada reguleeritava rambiga, mille silla osa laius on 32 m ja kandevõime 1200 kN. Hankelepingu mahtu kuulub ka Paldiski Lõunasadama sissesõidukanali ja rajatava kai esise akvatooriumi ala süvendamine kuni sügavuseni -13,5 m. Eesmärk on, et rajatav taristu oleks sobilik nii meretuuleparkide ehituse baassadamaks kui hoolduse tugisadamaks. Tehniline kirjeldus on esitatud riigihanke alusdokumentide lisas 1. || Estonia – Quay construction work – Paldiski Lõunasadamasse multifunktsionaalse kai nr 6A ja tagalaala rajamise projekteerimis- ja ehitustööd"
45300000,Building installation work,Konditsioneeride paigaldus koos teostusjoonistega.,,Konditsioneeride paigaldus koos teostusjoonistega. || Vastavalt RHAD lisale 2 || Estonia – Building installation work – Konditsioneeride paigaldus koos teostusjoonistega.
45316110,Installation of road lighting equipment,Tänavavalgustite vahetus LED valgustite vastu,,"Tänavavalgustite vahetus LED valgustite vastu || Hanke eesmärk on tänavavalgustite vahetus LED valgustite vastu, sh projektide koostamine ja valgustite vahetus. || Nõmme piirkonna valgustite vahetus || Estonia – Installation of road lighting equipment – Tänavavalgustite vahetus LED valgustite vastu"
45453000,Overhaul and refurbishment work,Aktsiaselts Lääne-Tallinna Keskhaigla Naistekliiniku isolatsioonipalatite rekonstrueerimisprojekti ehitustööd,,"Aktsiaselts Lääne-Tallinna Keskhaigla Naistekliiniku isolatsioonipalatite rekonstrueerimisprojekti ehitustööd || Aktsiaselts Lääne-Tallinna Keskhaigla Naistekliiniku isolatsioonipalatite rekonstrueerimisprojekti ehitustööd vastavalt AS Infragate Eesti poolt koostatud ehitusprojektile, töö nr TL236 „AS Lääne-Tallinna Keskhaigla Naistekliiniku isolatsioonipalatite rekonstrueerimine“, staadium: Põhiprojekt. || Estonia – Overhaul and refurbishment work – Aktsiaselts Lääne-Tallinna Keskhaigla Naistekliiniku isolatsioonipalatite rekonstrueerimisprojekti ehitustööd"
48820000,Servers,Serverite ostmine raamlepinguga,,"Serverite ostmine raamlepinguga || Käesoleva riigihanke eesmärk on sõlmitud raamlepingu alusel hankida RIKSi teenusteks toimimiseks peamiselt kasutatavaid HPE ja Dell servereid. Sellest tulenevalt on käesoleva riigihanke eesmärk sõlmitud raamlepingu alusel hankida vanade seadmete väljavahetamiseks ja/või olemasoleva võrgu laiendamiseks uusi peamiselt HPE ja Dell servereid, tehnilist tuge, komponente, litsentse 48 kuu jooksul. Juhul, kui pakkuja soovib pakkuda samaväärseid teise tootja tooteid, siis tuleb pakkujal arvestada kõigi kulutustega, mis kaasnevad olemasoleva serverite ümbervahetamise/asendamisega. . || Estonia – Servers – Serverite ostmine raamlepinguga"
48900000,Miscellaneous software package and computer systems,Microsofti tarkvara litsentside rentimine,,"Microsofti tarkvara litsentside rentimine || Microsofti tarkvara litsentside rentimine Enterprise Agreement lepinguga selleks, et katta Eesti Post AS-i ja tütarettevõtete Microsofti litsentside vajadus koos tootetoe, versiooni uuenduste ja turva/funktsionaalsete paikadega. || Estonia – Miscellaneous software package and computer systems – Microsofti tarkvara litsentside rentimine || Microsofti litsentsid || Microsofti litsentside rentimine vastavalt Hankija vajadustele Hankedokumentides toodud tingimustele. Raamlepingu eeldatav maksumus on 1 100 000 eurot käibemaksuta ja maksimaalne maksumus 1 300 000 eurot käibemaksuta || Estonia – Miscellaneous software package and computer systems – Microsofti litsentsid"
50100000,"Repair, maintenance and associated services of vehicles and related equipment",Kiirabiautode hooldus- ja remonditeenus ning varuosade ost,,"Kiirabiautode hooldus- ja remonditeenus ning varuosade ost || A Tartu Kiirabi soovib sõlmida hankelepingu erinevate kiirabiautode (Volkswagen) hooldus ja remonditöödeks ning varuosade ostmiseks järgmistel tingimustel: 1) garantiiaegsed hooldus-ja remonditööd ning varuosade ost; 2) garantiijärgsed hooldus-ja remonditööd ning varuosade ost. Pakkumuse saavad esitada kõik huvitatud isikud, kes omavad eelnimetatud sõidukitootja hooldusõigust (nii garantii kui ka garantiijärgsed hooldused) Hankelepingud sõlmitakse kõigi pakkumuse esitanud pakkujatega, kes tunnistatakse vastaks, kvalifitseeritakse ning neil puuduvad kõrvaldamise aluseks olevad asjaolud. Pakkumuse raames esitatakse hooldus- ja remonditööde hinnakiri ning pakutav allahindlus protsent. NB! Teenuste osutamise asukohaks peab olema Tartu, sest sõidukid on pidevas kasutuses ning teistesse regioonidesse hooldus- ja remonditöödeks sõitmine on ressursi ja ajamahukas || Estonia – Repair, maintenance and associated services of vehicles and related equipment – Kiirabiautode hooldus- ja remonditeenus ning varuosade ost || Maismaasõidukite hooldus- ja remonditeenuste ostmine || Hanke esemeks on Välisministeeriumi sõidukitele hooldus- ja remonditööde osutamine. || Mercedes-Benz marki sõidukite hooldus- ja remonditeenuse ostmine || Estonia – Repair, maintenance and associated services of vehicles and related equipment – Maismaasõidukite hooldus- ja remonditeenuste ostmine"
50118110,Vehicle towing-away services,Mootorsõiduki transportimine teisaldusautol ning teisaldamine valvega hoiukohta (k.a politseiasutusse) Ida piirkonnas,,"Mootorsõiduki transportimine teisaldusautol ning teisaldamine valvega hoiukohta (k.a politseiasutusse) Ida piirkonnas || Teenus hõlmab nii tellija, kui ka kolmandatele isikutele kuuluvate mootorsõidukite transportimist teisaldusautol ning teisaldamist valvega hoiukohta (k.a politseiasutusse). || Estonia – Vehicle towing-away services – Mootorsõiduki transportimine teisaldusautol ning teisaldamine valvega hoiukohta (k.a politseiasutusse) Ida piirkonnas"
50225000,Railway-track maintenance services,Tee terviklikkuse taastamine 2023,,"Tee terviklikkuse taastamine 2023 || Vanade isoleerlukkude eemaldamine, tee terviklikkuse taastamine ja neutraliseerimine. Töid tuleb teha Keila-Tallinn lõigul, kokku eeldatavalt ca 109 rööpavahetust koos kaasnevate töödega. Hanke ese on täpsemalt kirjeldatud HD Lisas 1. || Estonia – Railway-track maintenance services – Tee terviklikkuse taastamine 2023"
50230000,"Repair, maintenance and associated services related to roads and other equipment",Suru lasketiiru kuulipüüdja hooldus,,"Suru lasketiiru kuulipüüdja hooldus || Kaitseväe Keskpolügooni Suru lasketiiru kuulipüüdja hooldamine. Objektiga tutvumine KOHUSTUSLIK. Kontaktisiku andmed objektiga tutvumiseks hanke vastavustingimustes. Töid saab teostada ajavahemikus 12.06.2023 kuni 31.07.2023. Töö täitmise tähtaeg on 31.07.2023. Juhul kui nimetatud ajavahemik muutub, teavitab tellija sellest töövõtjat esimesel võimalusel ning töövõtja peab arvestama tööde tegemist vajadusega ka muul ajal. || Teede remondi ja korrashoiu all käsitletakse teede ja platside remonti, ehitamist ja korrashoidu ning teede ehituse materjalide ostmist. || Estonia – Repair, maintenance and associated services related to roads and other equipment – Suru lasketiiru kuulipüüdja hooldus || Nursipalu harjutusvälja lasketiirude remonttööd || Nursipalu harjutusvälja lasketiirude remonttööd vastavalt tehnilisele kirjeldusele (Lisa 1). Hanke sisuks on olemasoleva lasketiiru pinnase eemaldamine ning asendamine kandvama ja filtreerivama materjaliga, tee äärte korrastamine jms. Tegemist on tee ehituslike ja pinnastöödega. Asukoht: Nursipalu harjutusväli, Tsirgupalu küla, Rõuge vald, Võru maakond Tööde teostamise tähtaeg: 2 kuu jooksul lepingu sõlmimisest. Töödega tuleb alustada koheselt peale lepingu jõustumist. Tööd võidakse peatada seoses õppustega, täpne tööde teostamise aeg lepitakse kokku peale lepingu sõlmimist. Objektiga tutvumine ja mahtude määramine enne pakkumuse esitamist on kohustuslik, hilisemaid pretensioone ei rahuldata. Objektiga tutvumine toimub 17.04.2023 kell 10:30. Objektiga tutvumise soovist palume teada anda riigihangete registri teabevahetuse kaudu hiljemalt 14.04.2023 ning edastada hankijale teabevahetuse kaudu objektiga tutvuma tuleva isiku nimi ja isikukood. || Estonia – Repair, maintenance and associated services related to roads and other equipment – Nursipalu harjutusvälja lasketiirude remonttööd || Killustiku ja liiva soetus"
50400000,Repair and maintenance services of medical and precision equipment,Meditsiiniseadmete hooldus ja remont,,"Meditsiiniseadmete hooldus ja remont || Hanke eesmärk on leida teenusepartnerid, kes hooldaksid ning remondiksid Kaitseväes kasutuses olevaid meditsiiniseadmeid. || Estonia – Repair and maintenance services of medical and precision equipment – Meditsiiniseadmete hooldus ja remont"
50421000,Repair and maintenance services of medical equipment,Meditsiiniliste seadmete remont ja hooldus,,"Meditsiiniliste seadmete remont ja hooldus || Meditsiiniliste seadmete (Ziehm arkoskoobid, Datascope patsiendimonitorid, Edan patsiendimonitorid, Mindray patsiendimonitorid, Mindray ultraheliaparaadid, Nellcor Puritan Bennett hingamisaparaadid, Nihon Kohden patsiendimonitorid, Olympus endoskoobid ja endoskoopiaseadmed, Olympus insuflaatorid, Olympus loputuspumbad, Pentax endoskoobid ja endoskoopiaseadmed, Somanetics patsiendimonitorid) remont ja hooldus. || Datascope patsiendimonitoride remont ja hooldus || Estonia – Repair and maintenance services of medical equipment – Meditsiiniliste seadmete remont ja hooldus"
50532300,Repair and maintenance services of generators,Paldiski I tuulepargi hooldus,,"Paldiski I tuulepargi hooldus || Riigihanke eesmärgiks on hooldusteenuse osutamine (GE 2.5 MW seeria tuuleturbiinidele) Paldiski I tuulepargis. Täpsemad juhised, tööde sisu ja hankelepingu tingimused on leitavad alusdokumentidest ""Instructions to tenderers"" ja ""Paldiski I Service Agreement (Draft)"". || Estonia – Repair and maintenance services of generators – Paldiski I tuulepargi hooldus"
50720000,Repair and maintenance services of central heating,Tallinna Tehnika Ülikooli Virumaa Kolledži tehnosüsteemide hooldus,,Tallinna Tehnika Ülikooli Virumaa Kolledži tehnosüsteemide hooldus || Tallinna Tehnikaülikooli üksikhoonete tehnosüsteemide hooldus- ja remonttööde tellimine || Estonia – Repair and maintenance services of central heating – Tallinna Tehnika Ülikooli Virumaa Kolledži tehnosüsteemide hooldus || Tallinna Tehnikaülikooli Tartu Kolledži tehnosüsteemide hooldus- ja remonttööde tellimine || Estonia – Repair and maintenance services of central heating – Tallinna Tehnikaülikooli Tartu Kolledži tehnosüsteemide hooldus- ja remonttööde tellimine || Tallinna Tehnikaülikooli peamaja tehnosüsteemide hooldus- ja remonttööde tellimine || Estonia – Repair and maintenance services of central heating – Tallinna Tehnikaülikooli peamaja tehnosüsteemide hooldus- ja remonttööde tellimine || Tallinna Tehnikaülikooli üksikhoonete tehnosüsteemide hooldus ja remonttööde tellimine
50800000,Miscellaneous repair and maintenance services,Haabersti linnaosa territooriumil asuvate KSIL linnakute ohutuse tagamine,,"Haabersti linnaosa territooriumil asuvate KSIL linnakute ohutuse tagamine || Hanke eesmärk on linnaosa territooriumil asuvate nelja KSIL mänguväljaku seadmete ohutuse tagamine vastavalt tellitud ekspertiisi tulemustele. Aruanne koostatud 13.04.2023 Playsafe OÜ poolt. || Mänguväljakute seadmete/treeningvahendite/turvaaluste hooldus, remont ning vajadusel vastavalt tellija soovile osade soetamine ja paigaldamine. || Estonia – Miscellaneous repair and maintenance services – Haabersti linnaosa territooriumil asuvate KSIL linnakute ohutuse tagamine || Kesklinna mängu- ja spordiväljakute elementide remonttööd || Hanke eesmärk on olemasolevatel mängu- ja spordiväljakutel katkiste elementide vahetus, katkiste elementide eemaldamine, uute soetamine ja paigaldamine ning muude tuvastatud puuduste likvideerimine. Tööde käigus tuleb vanad elemendid utiliseerida ning nende asemele paigaldada uued. || Estonia – Miscellaneous repair and maintenance services – Kesklinna mängu- ja spordiväljakute elementide remonttööd || Lasnamäe linnaosa mänguväljakute remonttööd II"
55500000,Canteen and catering services,Meditsiini väljaõppe kursuse toitlustamine 08.05.2023-14.07.2023,,"Meditsiini väljaõppe kursuse toitlustamine 08.05.2023-14.07.2023 || Meditsiini väljaõppe kursuse toitlustamine 08.05.2023-14.07.2023 vastavalt seotud hanke alusdokumentidele. || Sõdurite (sh liitlaste) toitlustamine nt metsas, õppustel või koolitustel. || Estonia – Canteen and catering services – Meditsiini väljaõppe kursuse toitlustamine 08.05.2023-14.07.2023"
55520000,Catering services,21. Kooli toitlustushange,,"21. Kooli toitlustushange || Hanke esemeks on Tallinna 21. Kooli toitlustusteenuse osutamine vastavalt alusdokumentidele, sh tehnilisele kirjeldusele (Lisa 1). || Estonia – Catering services – 21. Kooli toitlustushange || Tallinna Humanitaargümnaasiumi toitlustushange || Estonia – Catering services – Tallinna Humanitaargümnaasiumi toitlustushange || Tallinna Läänemere Gümnaasiumi toitlustushange || Estonia – Catering services – Tallinna Läänemere Gümnaasiumi toitlustushange || Lasnamäe Gümnaasiumi toitlustushange"
55523100,School-meal services,Õpilaste toitlustamine,,"Õpilaste toitlustamine || Ida-Virumaa Kutsehariduskeskuse Sillamäe Essti põhikooli, Sillamäe Gümnaasiumi ja Narva Gümnaasiumi põhikooli ja põhikoolijärgsete õpilaste toitlustamine (koolilõuna) Narvas Sillamäel ja Jõhvis || Estonia – School-meal services – Õpilaste toitlustamine"
55900000,Retail trade services,"Konzession Tabakfachgeschäft an der Adresse Vinzenz-Muchitsch-Straße , 8020 Graz,05.Bez.:Gries",,"Konzession Tabakfachgeschäft an der Adresse Vinzenz-Muchitsch-Straße , 8020 Graz,05.Bez.:Gries || Selbstständiger Betrieb eines Tabakfachgeschäfts gem. Tabakmonopolgesetz an der Adresse Vinzenz-Muchitsch-Straße , 8020 Graz,05.Bez.:Gries || ['Selbstständiger Betrieb eines Tabakfachgeschäfts gem. Tabakmonopolgesetz an der Adresse Vinzenz-Muchitsch-Straße , 8020 Graz,05.Bez.:Gries'] || Austria – Retail trade services – Konzession Tabakfachgeschäft an der Adresse Vinzenz-Muchitsch-Straße , 8020 Graz,05.Bez.:Gries || Konzession Tabakfachgeschäft an der Adresse Simmeringer Hauptstraße 102, 1110 Wien || Selbstständiger Betrieb eines Tabakfachgeschäfts gem. Tabakmonopolgesetz an der Adresse Simmeringer Hauptstraße 102, 1110 Wien || ['Selbstständiger Betrieb eines Tabakfachgeschäfts gem. Tabakmonopolgesetz an der Adresse Simmeringer Hauptstraße 102, 1110 Wien'] || Austria – Retail trade services – Konzession Tabakfachgeschäft an der Adresse Simmeringer Hauptstraße 102, 1110 Wien"
60100000,Road transport services,Põlevkivi veoteenuse ostmine (kuni 124 000 t),,"Põlevkivi veoteenuse ostmine (kuni 124 000 t) || Põlevkivi veoteenus Põhja-Kiviõli II karjäärist (Kiviõli Keemiatööstuse OÜ (KKT)) Enefit Power AS (EP) lattu. Hanke tulemusel sõlmitud lepingu alusel teostab pakkuja põlevkivi veoteenust koguses 155 000 t vastavalt hankija poolt esitatud tellimustele. Sõltuvalt tarbimisvajadusest on hankijal õigus vähendada veetavat põlevkivi kogust 30% võrra. Teenuse osutamise periood: 15.05.2023 kuni 30.09.2023. || Põlevkivi veoteenus Põhja-Kiviõli II karjäärist (Kiviõli Keemiatööstuse OÜ (KKT)) Enefit Power AS (EP) lattu. Hanke tulemusel sõlmitud lepingu alusel teostab pakkuja põlevkivi veoteenust koguses 155 000 t vastavalt hankija poolt esitatud tellimustele. Sõltuvalt tarbimisvajadusest on hankijal õigus vähendada veetavat põlevkivi kogust 30% võrra. Teenuse osutamise periood: 15.05.2023 kuni 30.09.2023. Vastavalt Riigihangete seaduse § 35 lg 3 võrgustikusektori hankija ja dünaamilise hankesüsteemiga liitunud taotlejad võivad kokku leppida teistsuguses pakkumuste esitamise tähtajas, tingimusel et kõikidele dünaamilise hankesüsteemiga liitunud taotlejatele antakse pakkumuste esitamiseks võrdne tähtaeg. Hankija teeb ettepaneku määrata pakkumuste esitamise tähtajaks xx päeva. Kui taotlejal on tähtaja kohta vastuväiteid, siis palume sellest teavitada hanke teabevahetuse kaudu. || Estonia – Road transport services – Põlevkivi veoteenuse ostmine (kuni 124 000 t) || Rendisõidukid KV esindajatele Brüsselis ja Mons's || Hanke eesmärk on rentida 2 tk väikebussi ja 2 tk sedaani (kasutamata) Kaitseväe esinduse jaoks Brüsselis ja Mons'is, Belgias. Pakkuja peab suutma tagada sõidukitele liiklus- ja kaskokindlustuskaitset, remondi- ja hooldusteenust nimetatud linnades ning diplomaatiliste numbrimärkide kasutamise. || Estonia – Road transport services – Rendisõidukid KV esindajatele Brüsselis ja Mons's"
60112000,Public road transport services,Avalik bussiliinivedu Jõgeva maakonnas,,"Avalik bussiliinivedu Jõgeva maakonnas || Hankelepingu esemeks on Euroopa Parlamendi ja nõukogu määruse (EÜ) nr 1370/2007 tähenduses sõitjate vedu avaliku teenindamise lepingu alusel Jõgeva maakonna avalikel bussiliinidel eeldatavalt perioodil 01.10.2024 – 30.09.2032, sh sõidupiletite müügi ja muude avaliku teenindamise kohustusega kaasnevate teenuste ning nende üle järelevalve teostamise korraldus hanke alusdokumentides ja selle lisades ettenähtud tingimustel. || Estonia – Public road transport services – Avalik bussiliinivedu Jõgeva maakonnas || Avaliku bussiliiniveo korraldamine Harju maakonna Saue valla bussiliinidel osa 1 ja osa 2 || Lepingu esemeks on Euroopa Parlamendi ja nõukogu määruse (EÜ) nr 1370/2007 tähenduses sõitjate vedu ATL-i alusel Harju maakonna Saue valla bussiliinidel eeldataval perioodil 01.09.2023 – 31.08.2028, sh sõidupiletite müügi ja muude avaliku teenindamise kohustusega kaasnevate teenuste ning nende üle järelevalve teostamise korraldus HD-s ja selle lisades ettenähtud tingimustel || Lepingu esemeks on Euroopa Parlamendi ja nõukogu määruse (EÜ) nr 1370/2007 tähenduses sõitjate vedu ATL-i alusel Harju maakonna Saue valla bussiliinidel eeldataval perioodil 01.09.2023 – 31.08.2028, sh sõidupiletite müügi ja muude avaliku teenindamise kohustusega kaasnevate teenuste ning nende üle järelevalve teostamise korraldus HD-s ja selle lisades ettenähtud tingimustel. || Estonia – Public road transport services – Avaliku bussiliiniveo korraldamine Harju maakonna Saue valla bussiliinidel osa 1 ja osa 2"
60130000,Special-purpose road passenger-transport services,Antsla valla õpilasliinide teenindamine,,"Antsla valla õpilasliinide teenindamine || Antsla vallas asuvate Antsla Gümnaasiumi ja Kuldre Kooli õpilasliinide teenindamine. Hange ei ole jagatud osadeks kuna liinid on ühtne tervik ja korraga teenindatakse mõlemat kooli. || Estonia – Special-purpose road passenger-transport services – Antsla valla õpilasliinide teenindamine || Audru ja Tõstamaa õpilasvedu 2023-2026 || Riigihanke objektiks on Pärnu linna Audru ja Tõstamaa osavaldade haridusasutuste õpilastele koolibussiteenuse osutamine 2023/2024, 2024/2025 ja 2025/2026 õppeaastal. || Pärnu linna Audru osavalla haridusasutuste õpilastele koolibussiteenuse osutamine 2023/2024, 2024/2025 ja 2025/2026 õppeaastal || Estonia – Special-purpose road passenger-transport services – Audru ja Tõstamaa õpilasvedu 2023-2026"
60410000,Scheduled air transport services,Avaliku liiniveo teostamine Tallinn-Kuressaare-Tallinn ja Tallinn-Kärdla-Tallinn lennuliinidel,,Avaliku liiniveo teostamine Tallinn-Kuressaare-Tallinn ja Tallinn-Kärdla-Tallinn lennuliinidel || Estonia – Scheduled air transport services – Avaliku liiniveo teostamine Tallinn-Kuressaare-Tallinn ja Tallinn-Kärdla-Tallinn lennuliinidel
60651000,Hire of vessels with crew,"Uurimislaeva rentimine kalavarude akustiliseks hindamiseks Läänemere kirdeosas, Soome ja Liivi lahes",,"Uurimislaeva rentimine kalavarude akustiliseks hindamiseks Läänemere kirdeosas, Soome ja Liivi lahes || Hankemenetluse esemeks on uurimislaeva rentimine pelaagiliste kalavarude hüdroakustiline hindamine Läänemerekirdeosas (alampiirkondades 28.1, 28.2, 29 ja 32). Uurimistööde programm ja renditava uurimislaeva tehniline kirjeldus on esitatud hankedokumendi lisas 1. || Estonia – Hire of vessels with crew – Uurimislaeva rentimine kalavarude akustiliseks hindamiseks Läänemere kirdeosas, Soome ja Liivi lahes"
63120000,Storage and warehousing services,"Hanke eesmärk on leida koostööpartner hankija kauba vastuvõtmiseks, ladustamiseks, komplekteerimiseks, pakendamiseks, väljastamiseks, veoks ja muude vajalike laoteenuste osutamiseks vastavalt hankija esitatud tellimustele. Hanke eeldatav maksumus ei kohusta hankijat selles mahus teenuseid tellima. Lõplikud kogused ja summad selguvad sõlmitavate hankelepingute käigus.",,"Hanke eesmärk on leida koostööpartner hankija kauba vastuvõtmiseks, ladustamiseks, komplekteerimiseks, pakendamiseks, väljastamiseks, veoks ja muude vajalike laoteenuste osutamiseks vastavalt hankija esitatud tellimustele. Hanke eeldatav maksumus ei kohusta hankijat selles mahus teenuseid tellima. Lõplikud kogused ja summad selguvad sõlmitavate hankelepingute käigus. || Estonia – Storage and warehousing services – Ladustamisteenus || Toiduvarude ladustamine || Vastavalt tehnilisele kirjeldusele || Estonia – Storage and warehousing services – Toiduvarude ladustamine || Riigikaitseõppe laagrite varustuse majandamine || Hanke eesmärgiks on sõlmida raamleping ühe partneriga, kes osutaks 48 kuu jooksul riigikaitsõpetuse laagrite korraldamise jaoks vajaminema varustuse komplekteerimis-, ladustamis-, transpordi- ning hooldusteenust. || Estonia – Storage and warehousing services – Riigikaitseõppe laagrite varustuse majandamine"
63510000,Travel agency and similar services,Reisiteenuste ostmine 2023-2025,,"Reisiteenuste ostmine 2023-2025 || Hankija otsib lepingupartnerit 24-kuulisel perioodil reisiteenuste sh lennupiletite, laevapiletite, majutuse, reisikindlustuse, muu transpordi ning muude reisiteenuste hankimiseks. || Estonia – Travel agency and similar services – Reisiteenuste ostmine 2023-2025"
63516000,Travel management services,Reisikorraldusteenus,,Reisikorraldusteenus || Eesmärk on reisikorraldusteenuse tellimine || Estonia – Travel management services – Reisikorraldusteenus
64200000,Telecommunications services,Andmesidekanalite rentimine,,Andmesidekanalite rentimine || Käesoleva hankega tellitakse pakkujalt/täitjalt andmesidekanaleid ja kliendiühendusi. || Estonia – Telecommunications services – Andmesidekanalite rentimine
64210000,Telephone and data transmission services,"Lepingu esemeks on Siseministeeriumi valitsemisala kõne- ja andmesideteenused koos lisateenuste ja toodetega. Hanke tulemusel sõlmitakse raamleping kolmeks aastaks ühe partneriga, võimalusega pikendada raamlepingut 1 aasta võrra. Raamleping sõlmitakse ühe partneriga. Igal tellijal on õigus sõlmida raamlepingu partneriga eraldi kokkulepe konkreetsele tellijale kohaste tingimustega. Raamleping ja nimetatud kokkulepped sõlmitakse eesti keeles.",,"Lepingu esemeks on Siseministeeriumi valitsemisala kõne- ja andmesideteenused koos lisateenuste ja toodetega. Hanke tulemusel sõlmitakse raamleping kolmeks aastaks ühe partneriga, võimalusega pikendada raamlepingut 1 aasta võrra. Raamleping sõlmitakse ühe partneriga. Igal tellijal on õigus sõlmida raamlepingu partneriga eraldi kokkulepe konkreetsele tellijale kohaste tingimustega. Raamleping ja nimetatud kokkulepped sõlmitakse eesti keeles. || Estonia – Telephone and data transmission services – Sideteenused"
65300000,Electricity distribution and related services,Virtsu sadama elektriliitumine võrguühenduse tagamiseks elektrilaevade taristu rajamiseks,,Virtsu sadama elektriliitumine võrguühenduse tagamiseks elektrilaevade taristu rajamiseks || Estonia – Electricity distribution and related services – Virtsu sadama elektriliitumine võrguühenduse tagamiseks elektrilaevade taristu rajamiseks || Kuivastu sadama elektriliitumine võrguühenduse tagamiseks elektrilaevade taristu rajamiseks || Estonia – Electricity distribution and related services – Kuivastu sadama elektriliitumine võrguühenduse tagamiseks elektrilaevade taristu rajamiseks
66114000,Financial leasing services,Elektrikaubikute finantseerimine,,Elektrikaubikute finantseerimine || Estonia – Financial leasing services – Elektrikaubikute finantseerimine || Ametisõidukite kasutusrendile võtmine Maksu- ja Tolliametile || Ametisõidukite kasutusrendile võtmine Maksu- ja Tolliametile 48 või 60 kuuks vastavalt hanke osale. || Ametisõidukite kasutusrendile võtmine 60 kuuks || Estonia – Financial leasing services – Ametisõidukite kasutusrendile võtmine Maksu- ja Tolliametile
66510000,Insurance services,Reisi- ja tervisekindlustus,,Reisi- ja tervisekindlustus || Reisi- ja tervisekindlustus pikaajalises välislähetuses viibiva Kaitseministeeriumi valitsemisala teenistujale ning temaga kaasas olevale pereliikmele (abikaasa ja alaealine laps või põhi- või keskharidust omandav või abi vajav töövõimetu täisealine laps). || Estonia – Insurance services – Reisi- ja tervisekindlustus
66514150,Vessel insurance services,Mitmeotstarbelise laeva EVA - 316 kindlustamine,,Mitmeotstarbelise laeva EVA - 316 kindlustamine || Estonia – Vessel insurance services – Mitmeotstarbelise laeva EVA - 316 kindlustamine || Mõõdistuslaev Jakob Prei kindlustamine || Estonia – Vessel insurance services – Mõõdistuslaev Jakob Prei kindlustamine || Jäämurdja Tarmo kindlustamine || Estonia – Vessel insurance services – Jäämurdja Tarmo kindlustamine
66516100,Motor vehicle liability insurance services,Liiklus- ja kaskokindlustuse hankimine,,Liiklus- ja kaskokindlustuse hankimine || Riigihanke esemeks on hankija omandis või kasutuses olevatele sõidukitele liiklus- ja kaskokindlustuse tellimine vastavalt liikluskindlustuse seadusele. || Majandussõidukite kaskokindlustus || Estonia – Motor vehicle liability insurance services – Liiklus- ja kaskokindlustuse hankimine
70332000,Non-residential property services,Tehnohooldusteenuse tellimine Lääne piirkonna Lääne ja Rapla maakonna objektidele alates 2023,,"Tehnohooldusteenuse tellimine Lääne piirkonna Lääne ja Rapla maakonna objektidele alates 2023 || Hange korraldatakse tehnohooldusteenuse tellimiseks Läänemaa ja Raplamaa objektidele. Hanke Osas I tellitakse tavatehnohooldusteenust Läänemaal olevatele objektidele, kuni 72 kuuks, eeldusliku teenuse algusajaga 01.05.2023.a. Hanke Osas I tellitakse nõrkvoolu tehnohooldusteenust Läänemaal olevatele objektidele, kuni 72 kuuks, eeldusliku teenuse algusajaga 01.05.2023.a. Hanke Osas III tellitakse tavatehnohooldusteenust Raplamaal olevatele objektidele, kuni 72 kuuks, eeldusliku teenuse algusajaga 01.05.2023.a. Hanke Osas IV tellitakse nõrkvoolu tehnohooldusteenust Raplamaal olevatele objektidele, kuni 72 kuuks, eeldusliku teenuse algusajaga 01.05.2023.a. || Hange korraldatakse tehnohooldusteenuse tellimiseks Läänemaa ja Raplamaa objektidele. Hanke Osas I tellitakse tavatehnohooldusteenust Läänemaal olevatele objektidele, kuni 72 kuuks, eeldusliku teenuse algusajaga 01.05.2023.a. || Estonia – Non-residential property services – Tehnohooldusteenuse tellimine Lääne piirkonna Lääne ja Rapla maakonna objektidele alates 2023 || AS Lääne-Tallinna Keskhaigla kinnistute heakorratööd || Riigihanke esemeks on AS Lääne-Tallinna Keskhaigla kinnistute väliheakorratööd, millega tagatakse AS Lääne-Tallinna Keskhaigla kinnistute väliterritooriumi esteetiline üldmulje, korrastatus ja turvalisus. || Meremeeste haigla, Paldiski mnt.68,Paldiski mnt.68/1, Paldiski mnt.68/2, Paldiski mnt.68C,Põhja-Tallinna linnaosa, Tallinn; Merimetsa nakkuskliinik, Paldiski mnt.62, Paldiski mnt.66, Merelahe tee 6, Põhja-Tallinna linnaosa, Tallinn; || Estonia – Non-residential property services – AS Lääne-Tallinna Keskhaigla kinnistute heakorratööd"
71000000,"Architectural, construction, engineering and inspection services","Servizi di progettazione, consulenza, direzione lavori, collaudi e coordinamento della sicurezza attinenti l'architettura, l’ingegneria civile, l’urbanistica, l’ambiente e l'ingegneria impiantistica.",,"Servizi di progettazione, consulenza, direzione lavori, collaudi e coordinamento della sicurezza attinenti l'architettura, l’ingegneria civile, l’urbanistica, l’ambiente e l'ingegneria impiantistica. || Servizi di progettazione, consulenza, direzione lavori, collaudi e coordinamento della sicurezza attinenti l'architettura, l’ingegneria civile, l’urbanistica, l’ambiente e l'ingegneria impiantistica, nell’ambito delle attività svolte presso il Centro Comune di Ricerca Ispra. Scopo delle attività è di fornire consulenza alla direzione del sito per la gestione delle infrastrutture, nella progettazione, direzione dei lavori, collaudi, perizie, verifiche e coordinamento della sicurezza nei cantieri di costruzione e/o ristrutturazione e manutenzione di edifici, impianti ed infrastrutture del sito. || [""Servizi di progettazione, consulenza, direzione lavori, collaudi e coordinamento della sicurezza attinenti l'architettura, l’ingegneria civile, l’urbanistica, l’ambiente e l'ingegneria impiantistica, nell’ambito delle attività svolte presso il Centro Comune di Ricerca Ispra. Scopo delle attività è di fornire consulenza alla direzione del sito per la gestione delle infrastrutture, nella progettazione, direzione dei lavori, collaudi, perizie, verifiche e coordinamento della sicurezza nei cantieri di costruzione e/o ristrutturazione e manutenzione di edifici, impianti ed infrastrutture del sito""] || Italy – Architectural, construction, engineering and inspection services – Servizi di progettazione, consulenza, direzione lavori, collaudi e coordinamento della sicurezza attinenti l'architettura, l’ingegneria civile, l’urbanistica, l’ambiente e l'ingegneria impiantistica."
71200000,Architectural and related services,Riiklike messistendide arhitektuurne ja kujunduslik lahendus 2024-2025,,"Riiklike messistendide arhitektuurne ja kujunduslik lahendus 2024-2025 || Hanke eesmärgiks on leida partnerid, kes osutaksid messistendi (edaspidi nimetatud ka ühisstend) arhitektuursete- ja kujunduslahenduste koostamise teenust hankija poolt korraldatavatele riiklikele ühisstendidele. || Estonia – Architectural and related services – Riiklike messistendide arhitektuurne ja kujunduslik lahendus 2024-2025"
71240000,"Architectural, engineering and planning services",Kilingi-Nõmme linnakeskuse avaliku ruumi arhitektuurivõistlus,,"Kilingi-Nõmme linnakeskuse avaliku ruumi arhitektuurivõistlus || Arhitektuurivõistlus on avatud riigihanke ideekonkurss väliruumi eskiisprojekti saamiseks. Konkursi eesmärgiks on leida terviklik ruumiline lahendus Kilingi-Nõmme keskusele – keskväljakule ja kesksele osale Pärnu tn-st. Võistlus korraldatakse EV 100 arhitektuuriprogrammi “Hea avalik ruum” jätkuprogrammi raames. || Estonia – Architectural, engineering and planning services – Kilingi-Nõmme linnakeskuse avaliku ruumi arhitektuurivõistlus || Tallinna Heleni Kooli projekteerimine || Tallinna Heleni koolis asuvad erivajadustega õpilased ja asub lasteaed. Koolis õpib hetkel 98 õpilast (20 klassikomplekti), aastaks 2023/2024 on kuni 160 õpilast (kuni 30 klassikomplekti). Lasteaias on 77 last (8 rühma), tulevikus kuni 91 last (10 rühma). Planeeritavad projekteerimistööd: C-korpuse olemasolevad ruumid ja klassid jäävad alles. D ja L korpuste ümberehitus- ja ehitustööde käigus ehitatakse C korpuse 0 korruse muusikaklass ja ladu ümber sööklaks, samuti tuleb sinna köögiblokk võimsusega toitlustada 160 koolilast ja 80 lasteaialast. Spordisaal jääb alles, kuid vajalik on renoveerida amortiseerunud katus, põrand ning wc-d ja dušširuumid. Samuti küttesüsteem, torustik ning ventilatsioon. C-korpus tuleb uuesti mõõdistada, kuna ruumid muutunud. Uue planeeringu arvutused on ligikaudsed: C-korpus kokku 1800 m²; L-korpus kokku 1600 m²; C ja L vahekorpus 150 m²; D-korpus kokku 1650 m². Projekteerimistöödeks eeldatav töömaht kokku on ca 5200 m². || Estonia – Architectural, engineering and planning services – Tallinna Heleni Kooli projekteerimine || Soomaa rahvuspargi külastuskeskuse peahoone rekonstrueerimise ja laienduse ning õueala hoonete ja rajatiste projekteerimine || Hanke tulemusel tellitakse RMK Soomaa rahvuspargi külastuskeskuse peahoone ning õueala hoonete ja rajatiste projekteerimistööde ja vajalike uurimistööde tegemine ning nende töödega seotud asjaajamine aadressil Kõrtsi-Tõramaa, Tipu küla, Põhja-Sakala vald, Viljandi maakond (katastriüksus 36001:004:0680, kinnisvarakood KV1307)."
71241000,"Feasibility study, advisory service, analysis",Measuring and assessing skills needs in construction - study,,"Measuring and assessing skills needs in construction - study || Cover current lack of data of data on skills need for the construction ecosystem. Support the development of evidence-based policy and initiatives to upskill and reskill construction professionals in order to achieve the green and digital transition || Belgium – Feasibility study, advisory service, analysis – Measuring and assessing skills needs in construction - study || Auvere Agropargi teostatavus- ja tasuvusanalüüs || Hankemenetluse eesmärgiks on teostada Auvere Agropargi teostatavus- ja tasuvusanalüüs. || Estonia – Feasibility study, advisory service, analysis – Auvere Agropargi teostatavus- ja tasuvusanalüüs || Review of HFR Decommissioning Plan, cost estimate and its implementation || The Call for Tenders concerns the review of the Decommissioning Plan (and associated cost estimate) of HFR, the nuclear reactor on the Petten site JRC owns and for whose decommissioning JRC is responsible. The review will also elaborate on the implications the Decommissioning Plan has in terms of the internal organization that JRC needs to set up to manage the decommissioning of HFR effectively and efficiently. See attached Justification Note for more background."
71244000,"Calculation of costs, monitoring of costs",Hindamisteenuse tellimine Rail Baltica projekti raames: pakkumuse esitamise kutse nr 31 (Raba tee 3),,"Hindamisteenuse tellimine Rail Baltica projekti raames: pakkumuse esitamise kutse nr 31 (Raba tee 3) || Hanke objektiks on hindamisaruannete koostamine ühe hoonestamata kinnisasja hüvitamise eesmärgil hinnatava väärtuse leidmiseks. Hanke objektide täpsem kirjeldus on esitatud hindamise lähteülesannetes. || Estonia – Calculation of costs, monitoring of costs – Hindamisteenuse tellimine Rail Baltica projekti raames: pakkumuse esitamise kutse nr 31 (Raba tee 3)"
71247000,Supervision of building work,Rail Baltic Ülemiste reisiterminali raudteerajatiste ehitus- ja garantiiperioodi aegse omanikujärelevalve teenuse osutamine,,Rail Baltic Ülemiste reisiterminali raudteerajatiste ehitus- ja garantiiperioodi aegse omanikujärelevalve teenuse osutamine || Estonia – Supervision of building work – Rail Baltic Ülemiste reisiterminali raudteerajatiste ehitus- ja garantiiperioodi aegse omanikujärelevalve teenuse osutamine
71300000,Engineering services,Kaugjuhitava mereuuringuteks sobiva autonoomse ujuvaluse (ASV) lahenduse väljatöötamine ja teostus,,"Kaugjuhitava mereuuringuteks sobiva autonoomse ujuvaluse (ASV) lahenduse väljatöötamine ja teostus || Käesoleva hankemenetluse esemeks on kaugjuhitava mereuuringuteks sobiva autonoomse ujuvaluse (ASV) lahenduse väljatöötamine ja teostus vastavalt HD lisas 1 esitatud tingimustele. Valmislahenduse üleandmise tähtaeg on hiljemalt 16 (kuusteist) kuud pärast hankelepingu sõlmimist. Tööd teostatakse neljas etapis ja iga etapi lõpus tuleb üle anda konkreetne tulemus: I etapp - projekteerimine (mehaanika, elekter, juhtsüsteem), 2 kuud lepingu sõlmimisest; II etapp - ASV korpus (materjalid, valmistamine), 4 kuud lepingu sõlmimisest: III etapp - jõuseadmed (soetamine, paigaldamine, katsetamine, seadistamine), 9 kuud lepingu sõlmimisest; IV etapp - juhtsüsteem (seadmed, andurid, paigaldus, katsetamine, seadistamine), 16 kuud lepingu sõlmimisest. || Estonia – Engineering services – Kaugjuhitava mereuuringuteks sobiva autonoomse ujuvaluse (ASV) lahenduse väljatöötamine ja teostus"
71310000,Consultative engineering and construction services,Kaitseväe lasketiirude kuulipüüdjate pinnaseuuring,,"Kaitseväe lasketiirude kuulipüüdjate pinnaseuuring || Keskkonnaalased strateegilised dokumendid (nt keskkonnakorralduskava, jäätmekava) ning keskkonnauuringud ja eelhinnangud, eluta looduse seire (sh veeseire ja pinnaseproovid) ja müra- ning vibratsiooniuuringud jm eeltooduga seonduv. || Estonia – Consultative engineering and construction services – Kaitseväe lasketiirude kuulipüüdjate pinnaseuuring || Ämari välisosa elektripaigaldise ekspertiis (alajaam, kesk- ja madalpinge) || * Projektid väljastatakse edukale pakkujale peale projektdokumentatsiooni valmimist ja ekspertiisilepingu sõlmimist. Tööprojekt on valmis. * Ekspertiisi valmimise tähtaeg: 2 (kaks) nädalat peale projektdokumentatsiooni üle andmist ekspertiisi teostajale. * Ekspertiisi koostaja poolt teostatava järelkontrolli valmimise tähtaeg: 2 (kaks) nädalat peale projekteerija poolt ekspertiisi märkuste parandamist projektis. * Täpsem hanke sisu lisa 1. Tehniline kirjeldus. || Valdkonnapõhised ekspertiisid ja konsultatsiooniteenused ning nende tulemid. Hanke objekti valdkondadeks võivad selles kategoorias olla muu hulgas: ehitusprojektide (hooned ja rajatised, sh teed) ekspertiis (eel-, põhi- ja tööprojekt); ehitustööde omanikujärelevalve (hooned ja rajatised, sh teed); ehitusgeoloogilised uurimistööd; topo-geodeetilised uurimistööd; tehnilise konsultandi teenus (nt tasuvusanalüüsid, auditid jms); hoonete ja rajatiste ekspluatatsiooniperioodi hooldustööde konsultatsioon, sh kvaliteedi kontroll; erinevate kasutusfunktsioonidega hoonete sisustus (nt töökoja- ja garaažiseadmed, spordisaalide seadmed, suurköögiseadmed, erimööbel), hoonete ja ruumide mõõdistamine, mille tulemuseks on inventariseerimisjoonised ja eksplikatsioonitabelid; tuleohutusega seonduv. || Estonia – Consultative engineering and construction services – Ämari välisosa elektripaigaldise ekspertiis (alajaam, kesk- ja madalpinge) || Ämari parkla ja kergliiklustee omanikujärelevalve teenus"
71317200,Health and safety services,Turvateenuste tellimine,,"Turvateenuste tellimine || Turvateenuste osutamine Tallinna Tehnikaülikooli ja MTÜ Üliõpilasküla (edaspidi Tellija) valveobjektidel, eesmärgiga tagada seal viibivate isikute ohutus ning Tellija vara valve ja kaitse || Estonia – Health and safety services – Turvateenuste tellimine"
71320000,Engineering design services,"TTÜ hoonete kütte, ventilatsiooni, jahutuse ja automaatika projekteerimistööde tellimine",,"TTÜ hoonete kütte, ventilatsiooni, jahutuse ja automaatika projekteerimistööde tellimine || Estonia – Engineering design services – TTÜ hoonete kütte, ventilatsiooni, jahutuse ja automaatika projekteerimistööde tellimine || Märgalade taastamise projekteerimistööde raamleping (3) || Hankija soovib riigihanke tulemusena tellida märgalade taastamisprojektide koostamise teenust raamlepingute ja nende alusel sõlmitavate hankelepingute kaudu. || Estonia – Engineering design services – Märgalade taastamise projekteerimistööde raamleping (3) || Riigitee 2 (E263) Tallinn-Tartu-Võru-Luhamaa km 160,6-165,5 asuva Kärevere möödasõidu põhiprojekti koostamine || Riigitee 2 (E263) Tallinn-Tartu-Võru-Luhamaa km 160,6-165,5 asuva Kärevere möödasõidu põhiprojekti koostamine vastavalt riigihanke alusdokumentides toodud tingimustele. || Estonia – Engineering design services – Riigitee 2 (E263) Tallinn-Tartu-Võru-Luhamaa km 160,6-165,5 asuva Kärevere möödasõidu põhiprojekti koostamine"
71323100,Electrical power systems design services,Elektrivõrkude ja seonduvate taristute projekteerimine,,"Elektrivõrkude ja seonduvate taristute projekteerimine || Eesti Energia AS loob dünaamilise hankesüsteemi elektrivõrgu, siderajatiste multitorusüsteemide, tänavavalgustusvõrgu ja elektriautode laadimistaristu projekteerimiseks üle Eesti kehtivusajaga 60 kuud, millega selle kehtivusajal kvalifitseerimise tingimustele vastavad ettevõtjad võivad jooksvalt liituda. Dünaamilise hankesüsteemi alusel hangitakse eelmainitud projekteerimistöid keskselt nii kontserni kuuluvatele ettevõtetele kui vabatahtliku keskse hankimise kaudu soetajatele. || Estonia – Electrical power systems design services – Elektrivõrkude ja seonduvate taristute projekteerimine || Projekteerimistööde teostamine Valgamaal ja Lääne-Võrumaal || Projekteerimine Valgamaa ja Lääne-Võrumaa piirkonnas. Riigihanke mahtu kuulub 0,22-20 kV elektrivõrgu, lihtsamate kuni 35 kV elektrivõrgu tööde, siderajatise multitorusüsteemi, tänavavalgustusvõrgu ja elektriautode laadimistaristu projekteerimine. Siderajatise multitorusüsteemi ja tänavavalgustusvõrgu projekteerimist tellib hankija üldjuhul siis, kui see projekteeritakse projekteeritava elektrivõrguga suuremas osas samasse trassi või asub samas projektalas. Hankija ei telli hankelepingu alusel sidekaablite ega -kilpide projekteerimist. || Estonia – Electrical power systems design services – Projekteerimistööde teostamine Valgamaal ja Lääne-Võrumaal"
71354100,Digital mapping services,FRAMEWORK SERVICE CONTRACT FOR COPERNICUS EMERGENCY MANAGEMENT SERVICE (CEMS) RISK AND RECOVERY MAPPING (RRM) TAILOR-MADE PRODUCTS (FLEX),,"FRAMEWORK SERVICE CONTRACT FOR COPERNICUS EMERGENCY MANAGEMENT SERVICE (CEMS) RISK AND RECOVERY MAPPING (RRM) TAILOR-MADE PRODUCTS (FLEX) || The 4th phase of the Copernicus Emergency Management Service (CEMS) includes a framework contract with reopening of competition for flexible products (so called FLEX). The service consists of the on-demand provision of geospatial information. This information supports emergency management activities not related to the immediate response phase.This service addresses prevention, preparedness, disaster risk reduction and/or recovery phases. Economic operators are invited to participate in the request for information at the following link: https://ec.europa.eu/eusurvey/runner/CEMS_Flex_2023. || Italy – Digital mapping services – FRAMEWORK SERVICE CONTRACT FOR COPERNICUS EMERGENCY MANAGEMENT SERVICE (CEMS) RISK AND RECOVERY MAPPING (RRM) TAILOR-MADE PRODUCTS (FLEX) || The current call for tenders will result in a multiple framework contract with reopening of competition supporting the 4th phase of the Copernicus Emergency Management Service (CEMS). The framework contract will provide the contracting authority with a flexible products service (FLEX), consisting of on-demand provision of geospatial information which supports emergency management activities not related to the immediate response phase. This FLEX service addresses prevention, preparedness, disaster risk reduction and/or recovery phases."
71354300,Cadastral surveying services,"Katastrimõõdistamise tellimine Rail Baltica projekti raames: pakkumuse esitamise kutse nr 6 (Harju maakond, Tallinn ja Rae vald)",,"Katastrimõõdistamise tellimine Rail Baltica projekti raames: pakkumuse esitamise kutse nr 6 (Harju maakond, Tallinn ja Rae vald) || Hanke objektiks on Harju maakonnas Tallinna linnas asuva ühe kinnisasja ning Rae vallas asuva kuue kinnisasja jagamisel uute katastriüksuste moodustamine. Töö täpsem kirjeldus on esitatud Exceli tabelis. || Estonia – Cadastral surveying services – Katastrimõõdistamise tellimine Rail Baltica projekti raames: pakkumuse esitamise kutse nr 6 (Harju maakond, Tallinn ja Rae vald) || Katastrimõõdistamise tellimine Rail Baltica projekti raames: pakkumuse esitamise kutse nr 8 (Harju maakond, Rae vald) || Hanke objektiks on Harju maakonnas Rae vallas asuva kuue kinnisasja jagamisel uute katastriüksuste moodustamine. Töö täpsem kirjeldus on esitatud Exceli tabelis. || Estonia – Cadastral surveying services – Katastrimõõdistamise tellimine Rail Baltica projekti raames: pakkumuse esitamise kutse nr 8 (Harju maakond, Rae vald) || Katastrimõõdistamise tellimine Rail Baltica projekti raames: pakkumuse esitamise kutse nr 7 (Rapla maakond, Kohila ja Rapla vald) || Hanke objektiks on Rapla maakonnas Rapla ja Kohila vallas asuva nelja kinnisasja jagamisel uute katastriüksuste moodustamine. Töö täpsem kirjeldus on esitatud Exceli tabelis."
71620000,Analysis services,Off-site analytical support to site Laboratory for Radioactivity Measurements of Joint Research Centre Ispra,,Off-site analytical support to site Laboratory for Radioactivity Measurements of Joint Research Centre Ispra || Italy – Analysis services – Off-site analytical support to site Laboratory for Radioactivity Measurements of Joint Research Centre Ispra
71900000,Laboratory services,Laboriteenuste raamhange,,Laboriteenuste raamhange || Estonia – Laboratory services – Laboriteenuste raamhange
72000000,"IT services: consulting, software development, Internet and support",TECHNICAL SUPPORT FOR THE DEVELOPMENT AND UPDATE OF EUROMOD – 13 LOTS,,"TECHNICAL SUPPORT FOR THE DEVELOPMENT AND UPDATE OF EUROMOD – 13 LOTS || EUROMOD is a tax-benefit microsimulation model, which covers in a consistent manner the Member States of the European Union. The model allows to study the effects of taxes and social benefits on household incomes and work incentives for the population of each country and for the EU as a whole. EUROMOD is unique in its area as it features a great flexibility in the scope of its simulation and ensures cross-country consistency of the modelling approach and comparability of the results. The contracts are intended to provide the Commission with services that support the development and update of the microsimulation model EUROMOD for 13 country-specific modules: Belgium (lot 1), Bulgaria (lot 2), Cyprus (lot 3), Finland (lot 4), Hungary (lot 5), Ireland (lot 6), Italy (lot 7), Latvia (lot 8), Lithuania (lot 9), Malta (lot 10), Poland (lot 11), Spain (lot 12), Sweden (lot 13). || Spain – IT services: consulting, software development, Internet and support – TECHNICAL SUPPORT FOR THE DEVELOPMENT AND UPDATE OF EUROMOD – 13 LOTS"
72200000,Software programming and consultancy services,Keskkonnaseire infosüsteemi (KESE) arendus- ja hooldustööde realiseerimine,,"Keskkonnaseire infosüsteemi (KESE) arendus- ja hooldustööde realiseerimine || Estonia – Software programming and consultancy services – Keskkonnaseire infosüsteemi (KESE) arendus- ja hooldustööde realiseerimine || Tallinna sporditegevuse toetuste infosüsteemi arendus-, hooldus- ja majutusteenus || Riigihanke eesmärgiks on Tallinna sporditegevuse toetuse infosüsteemi (PAI2) uue tarkvararakenduse väljatöötamine, selle edasine hooldus- ja majutusteenus, sh täiendavate arendustööde tellimine. || Estonia – Software programming and consultancy services – Tallinna sporditegevuse toetuste infosüsteemi arendus-, hooldus- ja majutusteenus || SAP arendus ja hooldus || Hankelepingu esemeks on Tervisekassa SAP tarkvararakendustes arendustööde ja realiseeritud funktsionaalsusetele hoolduse pakkumine, sh nn kliendipoolsete arenduste (programmide) ning tarkvararakenduste seadistuste loomine ja muutmine. Lisaks arendustöödele kuulub pakutavate tööde hulka ka äri- ja süsteemianalüüsi teostamine tellija poolse sisendi ja tööle püstitatud eesmärgist lähtuvalt. Samuti kuulub teostatavate tööde hulka veebiteenuste loomine (sh x-tee teenused) ja nendega liidestumine. Vajadusel tuleb muudatused juurutada toodangusüsteemides ja teostada juurutamisjärgne kontroll süsteemi töö jätkumises ja funktsionaalsuste toimimises. || Estonia – Software programming and consultancy services – SAP arendus ja hooldus"
72220000,Systems and technical consultancy services,Infoturbe rakendusuuringud ja arendused 2023-2027,,Infoturbe rakendusuuringud ja arendused 2023-2027 || Estonia – Systems and technical consultancy services – Infoturbe rakendusuuringud ja arendused 2023-2027
72260000,Software-related services,Jamf Pro litsentsid ja tootetugi,,"Jamf Pro litsentsid ja tootetugi || Jamf Pro litsentside ja tootetoe raamhange || Estonia – Software-related services – Jamf Pro litsentsid ja tootetugi || MIM (identiteedihaldus) arendus- ja hooldustööd 2 || Riigihanke eesmärk on sõlmida raamleping täitjaga, kes jätkab arendamist ja hakkab hooldama ning teostama tugitöid identiteedi- ja juurdepääsuhalduse tarkvarale „Microsoft Identity Management“. || Estonia – Software-related services – MIM (identiteedihaldus) arendus- ja hooldustööd 2"
72261000,Software support services,Dünaamiline hankesüsteem litsentside soetamiseks,,"Dünaamiline hankesüsteem litsentside soetamiseks || TEHIK loob järgnevateks aastateks dünaamilise hankesüsteemi, mille alusel on võimalik tellida litsentse koos nende juurde kuuluvaga. Täpsemad teenuse tellimise tingimused nõuded on võimalik panna paika alles seotud hanke (konkurss olemasoleva DHS alusel) läbiviimisel, mis tagab paindlikkuse litsentside tellimiseks vajaduspõhiselt ning samas võimaldab hankida lühema tähtajaga, kui avatud või rahvusvahelises menetluses. || Oracle litsentsid ja tooteugi || Estonia – Software support services – Dünaamiline hankesüsteem litsentside soetamiseks || Atlassian tootepere DC/Cloud litsentsid ja tootetoed || Estonia – Software support services – Atlassian tootepere DC/Cloud litsentsid ja tootetoed"
72262000,Software development services,Oracle WCC arendamine ja konfigureerimine,,"Oracle WCC arendamine ja konfigureerimine || Oracle WCC arendus ja konfiguratsioonitööde teostamine lepingupartneri poolt. || Estonia – Software development services – Oracle WCC arendamine ja konfigureerimine || Tallinna kinnisvara üüriarvestussüsteem || Hankija soetab üüriarvestuse infosüsteemi (edaspidi nimetatud ka süsteem) kasutamisõiguse koos arendus-, hooldus- ja majutusteenuse osutamisega (edaspidi ühiselt nimetatud ka teenus), mis hõlmab Tallinna linna omandis ja linna poolt renditava vara (hooned, eluruumid, äriruumid, rajatised) hankija nõuetele vastavat üüriarvestust, mis võimaldab hankijal ette valmistada ning koostada üüri- ja kommunaalteenuste arveid üürnikele/rentnikele, tagades raamatupidamislike nõuete täitmise ning vajalikud liidestused teiste infosüsteemidega. || Estonia – Software development services – Tallinna kinnisvara üüriarvestussüsteem || Statistika andmetöötluse ja analüüsi süsteemi arendamine || Estonia – Software development services – Statistika andmetöötluse ja analüüsi süsteemi arendamine"
72310000,Data-processing services,Andmelao arendus ja haldus,,Andmelao arendus ja haldus || Andmelao arenduse ja halduse hanke eesmärgiks on koondada kõik AS Hoolekandeteenuses toodetavad andmed ühte kohta tagamaks andmete säilivuse ja käideldavuse. Samuti kogutud andmete põhjal ettevõtte juhtimiseks ja teenuste arenguks vajalike aruannete ja koondnäitajate koostamine ning graafiline kuvamine. || Estonia – Data-processing services – Andmelao arendus ja haldus
72316000,Data analysis services,Eesti jäämurdeteenuse osutamise alternatiivide analüüs,,Eesti jäämurdeteenuse osutamise alternatiivide analüüs || Estonia – Data analysis services – Eesti jäämurdeteenuse osutamise alternatiivide analüüs
72319000,Data supply services,Copernicus Global Land Cover and Tropical Forest Mapping and Monitoring,,"Copernicus Global Land Cover and Tropical Forest Mapping and Monitoring || The Copernicus Global Land Service will procure a dynamic global land surface characterization, global annual land cover mapping and tropical forest monitoring products at 10m resolution. The procurement will ensure the continuity of the production of the Global Land Cover map collection, the provision of a continuous dynamic generation of land surface and cover characteristics on sub-annual and annual basis and the development and implementation of a tropical forest monitoring component. || ['The Copernicus Global Land Service will procure a dynamic global land surface characterization, global annual land cover mapping and tropical forest monitoring products at 10m resolution. The procurement will ensure the continuity of the production of the Global Land Cover map collection, the provision of a continuous dynamic generation of land surface and cover characteristics on sub-annual and annual basis and the development and implementation of a tropical forest monitoring component.'] || Italy – Data supply services – Copernicus Global Land Cover and Tropical Forest Mapping and Monitoring"
72600000,Computer support and consultancy services,Tallinna linna hallatavate asutuste IT-haldusteenus,,Tallinna linna hallatavate asutuste IT-haldusteenus || Riigihanke eesmärk on IT haldusteenuse tellimine Tallinna linna hallatavatele asutustele. || Estonia – Computer support and consultancy services – Tallinna linna hallatavate asutuste IT-haldusteenus || IT-tugiteenus ametiasutustele || Estonia – Computer support and consultancy services – IT-tugiteenus ametiasutustele
72720000,Wide area network services,Andmesideteenus Tallinna hallatavatele asutustele,,Andmesideteenus Tallinna hallatavatele asutustele || Estonia – Wide area network services – Andmesideteenus Tallinna hallatavatele asutustele
72910000,Computer back-up services,Integreeritud pilvevarunduse tarkvara,,"Integreeritud pilvevarunduse tarkvara || Hankeobjektiks on integreeritud pilvevarundus tarkvara kasutamine ja tehniline tugi Riigipilve virtuaalmasinate varundamisel. Hange ei ole osadeks jaotatud, sest hankelepingu eseme näol on tegemist ühtse jagamatu tervikuga. || Estonia – Computer back-up services – Integreeritud pilvevarunduse tarkvara"
73110000,Research services,Liivi lahe keskkonnamõjude hindamise uuring linnustikule,,"Liivi lahe keskkonnamõjude hindamise uuring linnustikule || Liivi lahe keskkonnamõjude hindamise uuring linnustikule, digitaalse õhu-uuringuna peatuvate veelindude kohta. Uuringu eesmärk on hinnata uuritava ala olulisust veelindude peatumis-, toitumis- ja/või sulgimisalana, hankides avamerelindude kolooniate kohta andmed nende arvukuse kohta eri aastaaegadel ning ruumilise leviku kohta. Uuringu tulemusena selgitatakse välja veelindude rände-, sulgimis- ja talvitumiskogumite levikumustrid ning arvukustihedus. || Estonia – Research services – Liivi lahe keskkonnamõjude hindamise uuring linnustikule || Nahkhiirte uuring tuuleenergeetika eelisarendusalade leidmiseks Keskkonnaagentuurile || Nahkhiirte ja neile sobivate elupaikade olemasolu välja selgitamine potensiaalsetel tuuleenergeetika eelisarendusaladel. Töö sisaldab väliuuringuid, sh öiseid ultrahelidetektorsalvestusi erinevates elupaigatüüpides eelnevalt valitud tuuleenergeetika eelisarendusaladel. Täpsemad tingimused hanke alusdokumentides. || Estonia – Research services – Nahkhiirte uuring tuuleenergeetika eelisarendusalade leidmiseks Keskkonnaagentuurile || Linnustiku uuring tuuleenergeetika eelisarendusalade leidmiseks Keskkonnaagentuurile || Kaitsekorralduslikult oluliste jt tuuleenergeetika arendamise suhtes tundlike linnuliikide pesitsus-, rände- ja toitumiselupaikade ning neile toimiva tuuleenergeetika arenduse mõju olemasolu välja selgitamine tuuleenergeetika eelisarendusaladel. Töö sisaldab väliuuringuid erinevates elupaigatüüpides eelnevalt valitud tuuleenergeetika eelisarendusaladel. Täpsemad tingimused hanke alusdokumentides."
73200000,Research and development consultancy services,Natura elupaigatüüpide inventuur 2023-2024 (Keskkonnaamet),,"Natura elupaigatüüpide inventuur 2023-2024 (Keskkonnaamet) || Natura elupaigatüüpide inventuur perioodil 2023-2024 || Inventeerida piiritletud märgade metsaelupaigatüüpide taastamisaladel elupaigatüübid kokku 2011 ha suurusel alal ning registreerida elupaigatüüpide inventuuri käigus leitud võõrliikide ja kaitsealuste liikide leiukohad. Inventuur viia läbi järgmistel valitud aladel (kaardikiht Margade metsade taastamisalade inventuur): 1. Mustassaare, Alutaguse rahvuspark, pindalaga 274 ha; 2. Luusika, Luusika looduskaitseala, pindalaga 446 ha; 3. Pihla-Kaibaldi, Pihla-Kaibaldi looduskaitseala, pindalaga 426 ha; 4. Soomaa 3, Soomaa rahvuspark, pindalaga 222 ha; 5. Tudusoo, Tudusoo looduskaitseala, pindalaga 643 ha. || Estonia – Research and development consultancy services – Natura elupaigatüüpide inventuur 2023-2024 (Keskkonnaamet) || Support to the Economic Modelling of Agriculture and Rural Development Policies in Europe III || This framework contract will provide the Commission, in particular the Units D.4 - Economics in Agriculture and D.5 - Food Security of the Joint Research Centre, with proven high-quality expertise in using and developing (agro-)economic modelling tools and with the ability to provide the Commission with the required technical support, analysis and evaluation for the analysis of agricultural and related policies in Europe. A central point of the support requested under this contract is on the technical support for model maintenance, development and application of core agro-economic models used in the respective JRC units (in particular Aglink-Cosimo, AGMEMOD, CAPRI, IFM-CAP, MAGNET, CGEBox, and the BioSAMs). || ['This framework contract will provide the Commission, in particular the Units D.4 - Economics in Agriculture and D.5 - Food Security of the Joint Research Centre, with proven high-quality expertise in using and developing (agro-)economic modelling tools and with the ability to provide the Commission with the required technical support, analysis and evaluation for the analysis of agricultural and related policies in Europe. A central point of the support requested under this contract is on the technical support for model maintenance, development and application of core agro-economic models used in the respective JRC units (in particular Aglink-Cosimo, AGMEMOD, CAPRI, IFM-CAP, MAGNET, CGEBox, and the BioSAMs).'] || Spain – Research and development consultancy services – Support to the Economic Modelling of Agriculture and Rural Development Policies in Europe III"
73210000,Research consultancy services,EU public Artificial Intelligence driven database of human biology-based Non-Animal Methods for biomedical research,,"EU public Artificial Intelligence driven database of human biology-based Non-Animal Methods for biomedical research || The aim of this project is to develop an automated database that collects and structures information on new approach methodologies (NAMs) in use for biomedical research. NAMs correspond to in vitro methods based on human cells and engineered tissues or in silico approaches employing computer modelling and simulation. Using automated approaches, such as Machine Learning or Artificial Intelligence, to mine the vast body of published literature will enable the creation and maintenance of an up-to-date, state of the art knowledge source collating NAMs applied to biomedical research, allowing the extension of already collected models both in time and in scope with the addition of new diseases categories. || Italy – Research consultancy services – EU public Artificial Intelligence driven database of human biology-based Non-Animal Methods for biomedical research || ['The aim of this project is to develop an automated database that collects and structures information on new approach methodologies (NAMs) in use for biomedical research. NAMs correspond to in vitro methods based on human cells and engineered tissues or in silico approaches employing computer modelling and simulation. Using automated approaches, such as Machine Learning or Artificial Intelligence, to mine the vast body of published literature will enable the creation and maintenance of an up-to-date, state of the art knowledge source collating NAMs applied to biomedical research, allowing the extension of already collected models both in time and in scope with the addition of new diseases categories.'] || Framework Contract for EU policy lab || Service related to the enhancement of the role of the EU Policy Lab, including foresight, design for policy, behavioural insights and related translation services. || ['Framework contract for Foresight for Policy (to provide support to the Competence Centre on Foresight in developing content, applying foresight tools, methods and approaches to co-develop effective anticipatory approaches to support EU policy development)', 'Framework contract for Behavioural insight – recruitment of participants for online experiments (to provide access to relevant pools of potential participants (‘online panels’) to take part in online experiments)', 'Framework contract - Design services for the EU Policy Lab (to provide service design and strategic design, product and graphic design, and design research)', 'Framework contract for Translation services for the EU policy lab (to provide translation of material needed for online experiments and other activities of the EU policy lab)'] || Italy – Research consultancy services – Framework Contract for EU policy lab"
77210000,Logging services,Käsitsiraiena harvendus- ja sanitaarraie- ning kokkuveoteenuste tellimine Edela regioonis 2023 (2),,Käsitsiraiena harvendus- ja sanitaarraie- ning kokkuveoteenuste tellimine Edela regioonis 2023 (2) || Käsitsiraiena harvendus- ja sanitaarraie- ning kokkuveoteenuste tellimine Edela regioonis 2023 || Käsitsiraiena harvendus- ja sanitaarraie ning vajadusel kujundus- ja uuendusraie ning kokkuveoteenuseid hankelepingu (raamlepingu) alusel. || Estonia – Logging services – Käsitsiraiena harvendus- ja sanitaarraie- ning kokkuveoteenuste tellimine Edela regioonis 2023 (2) || Harvendusraie- ja kokkuveoteenuste tellimine Kagu regioonis 2023-1 || Harvendusraie- ja kokkuveoteenuste tellimine Kagu regioonis || Estonia – Logging services – Harvendusraie- ja kokkuveoteenuste tellimine Kagu regioonis 2023-1 || Estonia – Logging services – Käsitsiraiena harvendus- ja sanitaarraie- ning kokkuveoteenuste tellimine Edela regioonis 2023
77310000,Planting and maintenance services of green areas,Varjupuude istutamine ja hooldamine I,,Varjupuude istutamine ja hooldamine I || Riigihanke esemeks on Tallinna linna puude istutamine ja nende hooldamine. || Antud osa alt soovib Tallinna Keskkonna- ja Kommunaalamet tellida asendusistutusena haljastuse rajamise ja hooldamise teenust. || Estonia – Planting and maintenance services of green areas – Varjupuude istutamine ja hooldamine I
77312100,Weed-killing services,Karuputke võõrliikide tõrje tellimine Eestis 2023. aastal (Keskkonnaamet),,Karuputke võõrliikide tõrje tellimine Eestis 2023. aastal (Keskkonnaamet) || Karuputke võõrliikide tõrje tellimine Eesti kolooniates. || Karuputke võõrliikide tõrje vastavalt riigihanke alusdokumentidele. || Estonia – Weed-killing services – Karuputke võõrliikide tõrje tellimine Eestis 2023. aastal (Keskkonnaamet)
77313000,Parks maintenance services,Pärnu haljasalade hooldus Paikuse osavallas,,Pärnu haljasalade hooldus Paikuse osavallas || Pärnu linna haljasalade hooldus Paikuse osavallas riigihanke alusdokumentide tehnilises kirjelduses nimetatud objektidel vastavalt hooldusnõuetele. || Estonia – Parks maintenance services – Pärnu haljasalade hooldus Paikuse osavallas
77314000,Grounds maintenance services,Toila valla haljasalade hooldamine 2023-2025.a,,"Toila valla haljasalade hooldamine 2023-2025.a || Toila valla kahe piirkonna: Osa I -Toila ja Voka, Osa II -Kohtla ja Kohtla-Nõmme piirkonna haljasalade hooldamine sh. niitmine, puulehtede multšimine, puulehtede koristamine. || Toila ja Voka piirkonna haljasalade hooldus sh. niitmine, puulehtede multšimine, puulehtede koristus || Estonia – Grounds maintenance services – Toila valla haljasalade hooldamine 2023-2025.a || Kehtna valla haljasalade hooldus 2023-2025 || Kehtna valla haldusterritooriumil asuvate haljasalade hooldus vastavalt hankedokumentatsioonile. Lepingu periood 01.05.2023-15.11.2025. Hankija kasutab pakkumuste kontrollimisel pöördmenetlust. Alltöövõtt ei ole lubatud. || Eidapere piirkonda kuuluvad Eidapere aleviku, Reonda, Kenni, Lokuta külade haljasalad. || Estonia – Grounds maintenance services – Kehtna valla haljasalade hooldus 2023-2025"
77400000,Zoological services,Hulkuvate loomadega läbiviidavad toimingud aastatel 2024-2028,,Hulkuvate loomadega läbiviidavad toimingud aastatel 2024-2028 || Riigihanke objektiks on loomadega ja Tartu linna loomade varjupaiga haldamisega seotud tööde teostamine Tartu linna halduspiires 01.01.2024. a kuni 31.12.2028. a riigihanke alusdokumentides määratletud tingimustel || Estonia – Zoological services – Hulkuvate loomadega läbiviidavad toimingud aastatel 2024-2028
79221000,Tax consultancy services,Välisesindajate palga- ja maksuarvestuse teenus,,"Välisesindajate palga- ja maksuarvestuse teenus || Tööandja kohustuste õiguspärasuse tagamiseks töötasude - ning tööjõumaksude arvestamisel, töötamise - ja maksude deklareerimisel vastavalt välisriigi ja/või Eesti õiguse alusel, otsib hankija teenuse osutajat, kes teostaks ja koordineeriks RHAD Lisas 1 toodud tegevusi ning kaasaks vajadusel oma kontaktvõrgustiku kaudu pädevaid partnereid vastavas välisriigis. || Estonia – Tax consultancy services – Välisesindajate palga- ja maksuarvestuse teenus"
79311000,Survey services,Survey on the state of play of digitalisation in EU agriculture,,"Survey on the state of play of digitalisation in EU agriculture || This project aims to collect data through surveys to contribute to the assessment of the state of play of digitalization in the EU agriculture. The survey must cover technologies such as precision farming, real time applications, terrestrial and aerial drones, tools on prices, sensors, artificial intelligence, blockchain, satellite imagery, big data and analytics, agricultural decision support systems, etc. Further, the survey must investigate (i) the scope of the digital application on the farm and its sustainability implications (ii) bottlenecks and drivers for the adoption of digitalization, types of uses, investments, support services, and gaps in skills as well as (iii) the propensity of EU farmers to pursue investments in digitalization in the future. The target population of the survey will be EU farmers. The survey must be done through face-to-face interviews and other methods (telephone, virtual meeting) in at least six Member States. || Spain – Survey services – Survey on the state of play of digitalisation in EU agriculture"
79340000,Advertising and marketing services,Eesti turismi B2B esindusteenuse tellimine Prantsusmaa sihtturul,,"Eesti turismi B2B esindusteenuse tellimine Prantsusmaa sihtturul || Müügiedenduse ja äriturunduse tegevuste elluviimine ning ärikliendile ja lõpptarbijale suunatud kommunikatsiooni tegevuste elluviimine Prantsusmaal. Täpsemalt riigihanke alusdokumentides. || Estonia – Advertising and marketing services – Eesti turismi B2B esindusteenuse tellimine Prantsusmaa sihtturul || Work in Estonia digiturundus- ja loovteenus || Riigihanke esemeks on Worki in Estonia digiturunduse fookusega turundustegevuste elluviimine koos loov- ja meediateenusega nii Eestis kui Work in Estonia sihtriikides. || Estonia – Advertising and marketing services – Work in Estonia digiturundus- ja loovteenus || Loovlahenduste ja kommunikatsiooniteenuste tellimine vaktsineerimise teavituskampaaniate läbiviimiseks || Riigihanke eesmärgiks on leida reklaamide loovidee ja loovlahenduse kontseptsiooni väljatöötamine ja teostamine; materjalide tootmine ja edastamine vastavalt meediaplaanile; loovlahendust toetava integreeritud kommunikatsiooni- ja turundusstrateegiate ja -plaanide väljatöötamine ja teostamine; kampaaniate projektijuhtimine, disain, tekstide kirjutamine kasutades vajadusel kõneisikuid ja mõjuisikuid ning tekstide toimetamine, tõlkimine vene keelde (vajadusel ka inglise ja ukraina keelde); loovlahenduste, kommunikatsiooni- ja turundustegevuste teostamiseks vajalike allhangete korraldamine ja järelevalve."
79341400,Advertising campaign services,Peresõbraliku tööandja märgise kommunikatsiooni tegevused Sotsiaalministeeriumile,,"Peresõbraliku tööandja märgise kommunikatsiooni tegevused Sotsiaalministeeriumile || Hankelepingu täitmisel läbiviidavateks tegevusteks on peresõbraliku tööandja märgise uute teavitustegevuste planeerimine, väljatöötamine ja elluviimine kooskõlastatult tellijaga ning eelnevalt välja töötatud kommunikatsioonimaterjalide kasutamine ja levitamine (teavitustegevus) ning märgise saanud tööandjate tunnustamiseks tunnustusürituse korraldamine. Täpsemad tingimused hanke alusdokumentides. || Estonia – Advertising campaign services – Peresõbraliku tööandja märgise kommunikatsiooni tegevused Sotsiaalministeeriumile || Eesti Loto reklaamiteenuste partneri leidmine || Hanke eesmärgiks on AS Eesti Lotole reklaamiteenuste partneri leidmine hankedokumentides kirjeldatud tingimustel. || Estonia – Advertising campaign services – Eesti Loto reklaamiteenuste partneri leidmine"
79400000,Business and management consultancy and related services,Ringdisaini meistriklass 2023,,Ringdisaini meistriklass 2023 || Estonia – Business and management consultancy and related services – Ringdisaini meistriklass 2023
79411100,Business development consultancy services,"Rahvusvaheliste ekspertide kaasamine ettevõtetele (USA ja muu maailm, v.a Euroopa, Aasia, Lähis-Ida, Aafrika)",,"Rahvusvaheliste ekspertide kaasamine ettevõtetele (USA ja muu maailm, v.a Euroopa, Aasia, Lähis-Ida, Aafrika) || Hanke esemeks on projektijuhtimisteenuse osutamine, kui ettevõte siseneb teenusesse oma eksperdiga RHAD Lisa 1 punktis 3.1.1 nimetatud sihtturgudele. || Estonia – Business development consultancy services – Rahvusvaheliste ekspertide kaasamine ettevõtetele (USA ja muu maailm, v.a Euroopa, Aasia, Lähis-Ida, Aafrika)"
79416000,Public relations services,E-residentsuse suhtekorralduse ja äriarenduse teenus,,"E-residentsuse suhtekorralduse ja äriarenduse teenus || Äriarenduse, kommunikatsiooni ja suhtekorraldustegevuste teostmine, et Eesti e-residentsuse programmi kuvand Eestis ja väljaspool Eestit oleks ühtne ning programmi äriarenduslikud, mainekujunduslikud ja teavitusega seotud eesmärgid saaksid täidetud. Tegevused viiakse põhilises osas ellu välisturgudele suunatult, kuid ka Eestis. E-residentsuse sihtgruppideks on eelkõige: Välisriikides: iduettevõtjad, kaugettevõtjad, vabakutselised, üksikisikust ettevõtjad, diginomaadid, Euroopa Liidus tegutsevad ettevõtjad, Euroopa Liidule ligipääsu soovivad ettevõtjad, kommunikatsiooniagentuurid, ajakirjanikud ja laiem avalikkus. Eesti siseselt: riigi- ja erasektori koostööpartnerid, arvamusliidrid, e-residentsuse liitlased, ajakirjanikud, laiem avalikkus. || Kampaaniate raames tellitakse mainekujunduse tegevuseid nii Eesti kui ka globaalsel suunal. || Estonia – Public relations services – E-residentsuse suhtekorralduse ja äriarenduse teenus || Kampaaniate raames tellitakse suhtekorraldusteenuseid, et saavutada E-residentsuse toote suurem tuntus ja tsiteeritavus välisajakirjanduses, peamiste sihtgruppide kaasatus (mõõdetav veebikülastuste ja taotluste arvu tõusmisega) ja sotsiaalmeedia ning uue meedia kaasatud (social echo, viraalsed postitused, tsiteeritavus)."
79416200,Public relations consultancy services,EU Policy and Outreach Partnership in Canada III,,"EU Policy and Outreach Partnership in Canada III || EU Policy and Outreach Partnership contracts (EUPOP) are a key component of EU’s Public Diplomacy engagement reinforcing the capacity of EU Delegations to engage with key audiences and partners and build alliances and networks. The aim of EU POP Canada III is to continue building trust and mutual understanding between the EU and Canadian citizens by enhancing the understanding of the EU in Canada, consolidate the perception of the EU as a relevant partner for Canadians and ultimately facilitate future cooperation. The contract will implement long-term engagement initiatives reinforcing people-to-people contacts, foster relevant networks and exchanges among (inter alia) opinion leaders, decision makers, influencers, multipliers, think tanks, academia, youth, media, civil society, business organisations, the cultural sector at the federal, provincial and local level on different policy priorities. || Brazil – Public relations consultancy services – EU Policy and Outreach Partnership in Canada III"
79530000,Translation services,Kaugtõlketeenuse rakendus,,Kaugtõlketeenuse rakendus || Lahenduse eesmärk on muuta teenuse kasutamine ja selle osutamine mugavamaks nii kliendile kui ka teenust osutavale tõlgile. || Estonia – Translation services – Kaugtõlketeenuse rakendus
79800000,Printing and related services,Ajakirjade kirjastamine ning trükkimine,,"Ajakirjade kirjastamine ning trükkimine || Seotud hankega ostetakse vastavalt seotud hanke alusdokumentidele ajakirja kirjastamise- ning trükiteenust. || Estonia – Printing and related services – Ajakirjade kirjastamine ning trükkimine || ajakirja Eesti Mets väljaandmine || Ajakirja ""Eesi Mets"" seitsme numbri väljaandmine vastavalt tehnilises kirjelduses ja hankelepingu projektis toodud tingimustele. Kahel aastal tuleb välja anda iga kvartal (alates 2023 teisest kvartalist) üks ajakirjanumber (kokku 7 numbrit). Esimese ajakirja eeldatav väljaandmise aeg on 2023 mai. || Estonia – Printing and related services – ajakirja Eesti Mets väljaandmine"
79810000,Printing services,Pehmekaaneliste trükiste trükiteenuse tellimine,,"Pehmekaaneliste trükiste trükiteenuse tellimine || Estonia – Printing services – Pehmekaaneliste trükiste trükiteenuse tellimine || Trükiteenuste tellimine Sotsiaalkindlustusametile || Estonia – Printing services – Trükiteenuste tellimine Sotsiaalkindlustusametile || SA Kultuurileht poolt välja antavate ajalehtede ja ajakirjade trükkimine 2024. aastal || SA Kultuurileht kutsub osalema avatud hankemenetluse korras korraldataval riigihankel, mille eesmärgiks on leida teenusepakkujad SA Kultuurilehe poolt välja antavate ajalehtede ja ajakirjade trükkimiseks 2024. aastal. Riigihange on jagatud osadeks ja pakkumuse võib esitada nii ühele kui mitmele osale. Riigihanke osad on kirjeldatud lisas nr 1. || Estonia – Printing services – SA Kultuurileht poolt välja antavate ajalehtede ja ajakirjade trükkimine 2024. aastal"
79952000,Event services,Liikuma Kutsuva Kooli programmi ja projekti „Kooliõpilaste liikumisaktiivsuse toetamine“ suurürituse korraldamine 4.-5. oktoobril 2023,,Liikuma Kutsuva Kooli programmi ja projekti „Kooliõpilaste liikumisaktiivsuse toetamine“ suurürituse korraldamine 4.-5. oktoobril 2023 || Soovime sõlmida hankelepingu Liikuma Kutsuva Kooli programmi ja projekti „Kooliõpilaste liikumisaktiivsuse toetamine“ suurürituse korraldamiseks 4.-5. oktoobril 2023. Eeldatav osalejate arv on kuni 400 inimest. || Estonia – Event services – Liikuma Kutsuva Kooli programmi ja projekti „Kooliõpilaste liikumisaktiivsuse toetamine“ suurürituse korraldamine 4.-5. oktoobril 2023
79957000,Auction organisation services,Riigivara oksjonite organiseerimisteenus,,Riigivara oksjonite organiseerimisteenus || Hanke esemeks on tellija vara oksjonite organiseerimisteenuse osutamine riigihanke alusdokumentides esitatud tingimustel ja korras. || Vastavalt tehnilisele kirjeldusele || Estonia – Auction organisation services – Riigivara oksjonite organiseerimisteenus
80400000,Adult and other education services,Eesti keele kursused haridustöötajatele,,"Eesti keele kursused haridustöötajatele || Riigihanke esemeks on eesti keele B1-, B2- ja C1-tasemel kursuste (eesti keeles) korraldamine vähemalt 192-le eesti keelest erineva emakeelega haridustöötajale, kusjuures iga kursuse maht on 160 akadeemilist tundi. Riigihanke tulemusena sõlmitava hankelepinguga määratletud tegevused peavad olema teostatud ajavahemikul august 2023‒detsember 2023 (k.a). NB! Hankelepingu täitmisel peab pakkujal olema kehtiv tegevusluba eesti keele B1-, B2- ja C1-tasemel tasemeeksamiks ettevalmistamisele suunatud eesti keele täienduskoolituse läbiviimiseks. || Pakkuja pakub eesti keele B1- (vajadusel, AD lisa 1 punktis 1.6.8 öeldut arvestades), B2- ja C1-tasemel keeleõpet (eesti keeles) kokku vähemalt 48-le haridustöötajale järgmiselt: • kontaktõpe klassiruumis vähemalt 3 õpperühmas: 2 (kaks) B2-tasemel kursust ning 1 (üks) C1-tasemel kursus. || Estonia – Adult and other education services – Eesti keele kursused haridustöötajatele || Pakkuja pakub eesti keele B1-, B2- ja C1-tasemel keeleõpet (eesti keeles) kokku vähemalt 64-le haridustöötajale järgmiselt: • kontaktõpe klassiruumis vähemalt 4 õpperühmas: 1 (üks) B1-tasemel kursus; 2 (kaks) B2-tasemel kursust ning 1 (üks) C1-tasemel kursus. || Digioskuste algtaseme koolitus || Koolituse tulemusena omandab koolitatav digitaalse kirjaoskuse algtaseme teadmised, mis baseeruvad rahvusvahelisel DigComp raamistikul. Peale koolituse läbimist oskab koolitatav orienteeruda arvuti töölaual ja kasutada erinevaid otsingumootoreid, teadvustab internetiriske ja oskab neid vältida. Teab, kuidas kasutada erinevaid ID-vahendeid avaliku- ja erasektori teenuste tarbimisel. Oskab kasutada enam levinud sotsiaalset tarkvara. Omab praktilist ülevaadet e-keskkondadest Zoom ja/või MS Teams ning oskab kasutada osalejana teistega suhtlemisel ja koostöö tegemisel lihtsamaid interaktsioone. Koolitataval peab olema võimalus luua endale isiklik e-posti aadress, mis jääb talle kasutamiseks ka pärast koolituse lõppemist. Koolituse tulemusena, omandab koolitatav õppekava õpiväljundid, oskab kasutada arvutit iseseisvalt ning omab selleks algteadmisi. || Estonia – Adult and other education services – Digioskuste algtaseme koolitus"
80500000,Training services,Uussisserändajatele suunatud kohanemisprogrammi teemamoodulite koolituste tellimine,,"Uussisserändajatele suunatud kohanemisprogrammi teemamoodulite koolituste tellimine || Riigihanke esemeks on kohanemisprogrammi baasmooduli, töötamise, ettevõtluse, õppimise, teaduse ja perekonna teemamoodulite koolituste läbiviimine kuni 1 300 (ühe tuhande kolmesajale) koolitatavale riigihanke ausdokumentides esitatud tingimustel ja korras. Riigihanke tulemusel sõlmitava raamlepinguga määratletud koolitustegevused peavad olema teostatud ajavahemikul 22. mai 2023 kuni 30. juuni 2024 või kuni raamlepingu rahalise kogumahu 273 000 eurot (ilma käibemaksuta) täitumiseni sõltuvalt sellest kumb tingimus saabub varem. || Estonia – Training services – Uussisserändajatele suunatud kohanemisprogrammi teemamoodulite koolituste tellimine"
80521000,Training programme services,Poliitikakujundamise oskuste koolitusprogrammi väljatöötamine ja elluviimine 2023-2025,,Poliitikakujundamise oskuste koolitusprogrammi väljatöötamine ja elluviimine 2023-2025 || Riigihanke esemeks on avaliku sektori töötajatele ja ametnikele poliitikakujundamise oskuste koolitusprogrammi läbiviimine perioodil 2023-2025.a. || Estonia – Training programme services – Poliitikakujundamise oskuste koolitusprogrammi väljatöötamine ja elluviimine 2023-2025 || Poliitikakujundamise oskuste arendamise programm 2023-2025 || Estonia – Training programme services – Poliitikakujundamise oskuste arendamise programm 2023-2025
85320000,Social services,Tööharjutus Narva linnas,,"Tööharjutus Narva linnas || Tööharjutus on tööturuteenus, mida osutatakse töötukassas arvel olevale töötule tööharjumuse taastamiseks või esmase tööharjumuse omandamiseks. Teenuse tulemusel on töötu valmis jätkama töötukassa poolt pakutavatel teistel teenustel või sisenema tööturule. Tööharjutuse eesmärk on töötu motivatsiooni, enesekindluse ja sotsiaalse kaasatuse suurendamine, tema ettevalmistamine osalemiseks teistes aktiivsetes tööturumeetmetes või tööle asumiseks. Tööharjutuse väljund on aktiviseeritud klient, kes liigub edasi järgnevasse konkreetsesse tegevusse, mille on klient ise koostöös juhendajaga tööharjutuse käigus välja valinud ja mis selgub tööharjutuse lõpuks. || Estonia – Social services – Tööharjutus Narva linnas || Tööharjutus Antsla linnas eesti keeles || Estonia – Social services – Tööharjutus Antsla linnas eesti keeles"
90500000,Refuse and waste related services,Riigihanke eesmärk on jäätmete käitlemise teenuse ostmine Eesti piires nelja aasta jooksul riigihanke alusdokumentides toodud tingimustel. Riigihanke tulemusena sõlmitakse raamleping kuni 5 eduka pakkujaga.,,Riigihanke eesmärk on jäätmete käitlemise teenuse ostmine Eesti piires nelja aasta jooksul riigihanke alusdokumentides toodud tingimustel. Riigihanke tulemusena sõlmitakse raamleping kuni 5 eduka pakkujaga. || Estonia – Refuse and waste related services – Jäätmekäitlus
90510000,Refuse disposal and treatment,Tallinna Jäätmekeskuse hallatavates jäätmejaamades kogutud tavajäätmete käitlemine 2023-2024,,"Tallinna Jäätmekeskuse hallatavates jäätmejaamades kogutud tavajäätmete käitlemine 2023-2024 || Tallinna Jäätmekeskus (edaspidi hankija) kutsub Teid (edaspidi pakkuja) esitama pakkumust avatud hankemenetlusena läbiviidavale riigihankele, mille eesmärk on hankelepingu (edaspidi leping) sõlmimine Tallinna Jäätmekeskuse poolt hallatavas jäätmejaamades (Rahumäe, Pääsküla, Pärnamäe, Paljassaare ja Loksa) tavajäätmete käitlemisteenuse (edaspidi lepingu ese või teenus) tellimiseks. || Ehitus- ja lammutussegapraht (17 09 04) eeldatava kogusega 5500 tonni; || Estonia – Refuse disposal and treatment – Tallinna Jäätmekeskuse hallatavates jäätmejaamades kogutud tavajäätmete käitlemine 2023-2024 || Korraldatud jäätmeveo teenuse osutamine Narva linnas 2023-2026 || Riigihanke eesmärk on tagada korraldatud jäätmeveo teenuse osutamine Narva linna kõigis kolmes jäätmeveo piirkonnas. Korraldatud jäätmeveo rakendamine on kohaliku omavalitsuse üksuse jäätmeseadusest tulenev kohustus || Korraldatud jäätmeveo teenuse osutamine Kreenholmi piirkonnas (Piirkond I) || Estonia – Refuse disposal and treatment – Korraldatud jäätmeveo teenuse osutamine Narva linnas 2023-2026"
90610000,Street-cleaning and sweeping services,Rakvere linna sõiduteede talihooldustööd ja aastaringne puhastus,,Rakvere linna sõiduteede talihooldustööd ja aastaringne puhastus || Estonia – Street-cleaning and sweeping services – Rakvere linna sõiduteede talihooldustööd ja aastaringne puhastus
90620000,Snow-clearing services,Rööbasteede mehhaniseeritud lumetõrje ekskavaatoriga 2023 - 2026,,Rööbasteede mehhaniseeritud lumetõrje ekskavaatoriga 2023 - 2026 || Mehhaniseeritud lumetõrje ekskavaatoriga AS Eesti Raudtee rööbasteedel. Hanke ese on täpsemalt kirjeldatud HD Lisades 1-1.1. || Mehhaniseeritud lumetõrje ekskavaatoriga AS Eesti Raudtee rööbasteedel 2023-2026. || Estonia – Snow-clearing services – Rööbasteede mehhaniseeritud lumetõrje ekskavaatoriga 2023 - 2026
90711000,Environmental impact assessment other than for construction,"Tallinna ringraudtee riigi eriplaneeringu asukoha eelvaliku lähteseisukohtade, asjakohaste mõjude hindamise, sh KSH programmi ja sotsiaalmajandusliku mõju analüüsi koostamine Rahandusministeeriumile",,"Tallinna ringraudtee riigi eriplaneeringu asukoha eelvaliku lähteseisukohtade, asjakohaste mõjude hindamise, sh KSH programmi ja sotsiaalmajandusliku mõju analüüsi koostamine Rahandusministeeriumile || Hanke objektiks on Tallinna ringraudtee riigi eriplaneeringu asukoha eelvaliku lähteseisukohtade, asjakohaste mõjude hindamise, sh KSH programmi ja sotsiaalmajandusliku mõju analüüsi koostamine. Järgmised etapid hangitakse eraldi. Riigi eriplaneeringu koostamise eesmärk on kavandada avalik elektrifitseeritud raudtee, et luua võimalus Paldiski suunaliste kaubavedude ümbersuunamiseks Tallinna kesklinnast (sh Kopli kaubajaamast) ning sh Ülemiste multimodaalsest reisiterminalist, kaupade kiirem liikumine ning Eesti logistikavaldkonna konkurentsivõime suurendamine. Lisaks asukoha alternatiividele tuleb riigi eriplaneeringu käigus valida ka tehnoloogia alternatiiv – kas kavandatav raudtee rajatakse 1520 mm rööpmelaiusega, nagu ülejäänud tänane Eesti raudteevõrk või 1435 mm rööpmelaiusega nagu varem kavandatud Rail Baltic raudtee. Välja töötatud alternatiivide seast tuleb valida sobiv rööpmelaius ja sobivaim asukoht ning sobivaimas asukohas koostada detailne lahendus. || Estonia – Environmental impact assessment other than for construction – Tallinna ringraudtee riigi eriplaneeringu asukoha eelvaliku lähteseisukohtade, asjakohaste mõjude hindamise, sh KSH programmi ja sotsiaalmajandusliku mõju analüüsi koostamine Rahandusministeeriumile"
90910000,Cleaning services,Tallinna Ülikooli hoonete koristus,,"Tallinna Ülikooli hoonete koristus || Lepingu esemeks on Tallinna Ülikooli hoonete koristus järgmistel objektide: Terra – Narva mnt 25, Tallinn; Nova – Narva mnt 27, Tallinn; Vita – Narva mnt 27, Tallinn; Astra – Narva mnt 29, Tallinn; Silva – Narva mnt 29, Tallinn; Mare – Uus-Sadama 5, Tallinn; Töövõtja peab osutama teenust kõikidel nimetatud objektidel ja kui Tallinna Ülikoolile lisandub Tallinna piires veel hooneid, siis võib ka need lisada objektide nimekirja. || Estonia – Cleaning services – Tallinna Ülikooli hoonete koristus || Sise- ja välikoristusteenuse ostmine (Estonia kaevandus, Narva karjäär ja Logistikakeskus Ida-Virumaal) || Hoolduskoristus ja pesumaja teenus Estonia kaevanduses, hoolduskoristus Logistikakeskuse Raudi jaamas. || Estonia – Cleaning services – Sise- ja välikoristusteenuse ostmine (Estonia kaevandus, Narva karjäär ja Logistikakeskus Ida-Virumaal)"
90911000,"Accommodation, building and window cleaning services","Heakorrateenuse tellimine Suur-Ameerika tn 1 // Väike-Ameerika tn 2, Tallinn alates 01.11.2023",,"Heakorrateenuse tellimine Suur-Ameerika tn 1 // Väike-Ameerika tn 2, Tallinn alates 01.11.2023 || Riigihanke käigus hangitakse heakorrateenust põhja piirkonna objektile Suur-Ameerika tn 1 // Väike-Ameerika tn 2, Tallinn. || Estonia – Accommodation, building and window cleaning services – Heakorrateenuse tellimine Suur-Ameerika tn 1 // Väike-Ameerika tn 2, Tallinn alates 01.11.2023 || Kultuuri- ja hariduskeskus Viimsi Artium koristusteenuse ostmine || Hanke sisuks on Kultuuri- ja hariduskeskus Viimsi Artium ruumide igapäevane koristus. Täpsem teenuse kirjeldus on leitav dokumendis ""Tehniline kirjeldus"". || Estonia – Accommodation, building and window cleaning services – Kultuuri- ja hariduskeskus Viimsi Artium koristusteenuse ostmine"
90911200,Building-cleaning services,CONTRATO DE SERVICIOS DE LIMPIEZA DE EDIFICIOS MUNICIPALES,,"CONTRATO DE SERVICIOS DE LIMPIEZA DE EDIFICIOS MUNICIPALES || trabajos de limplieza || ['Limpieza de instalaciones deportivas', 'Limpieza de escuelas', 'EQUIPAMIENTOS CULTURALES', 'Limpieza edificios varios'] || Spain – Building-cleaning services – CONTRATO DE SERVICIOS DE LIMPIEZA DE EDIFICIOS MUNICIPALES"
